"Date","Price","Return","Normalized_Price","Volatility_30d"
2020-01-02,61.1800003051758,NA,100,NA
2020-01-03,63.0499992370605,0.0301077065994608,103.056552668449,NA
2020-01-06,63.2700004577637,0.00348324008349454,103.416149300691,NA
2020-01-07,62.7000007629395,-0.00904983058690689,102.484472785521,NA
2020-01-08,59.6100006103516,-0.0505381043360531,97.4338024076613,NA
2020-01-09,59.560001373291,-0.000839124597837859,97.3520776008434,NA
2020-01-10,59.0400009155273,-0.00876903507396243,96.5021258924913,NA
2020-01-13,58.0800018310547,-0.0163937937561514,94.9329871548581,NA
2020-01-14,58.2299995422363,0.00257927594476115,95.1781615753115,NA
2020-01-15,57.810001373291,-0.00723888313809073,94.4916657157981,NA
2020-01-16,58.5200004577637,0.0122067891246349,95.6521741841393,NA
2020-01-17,58.5400009155273,0.000341712928816129,95.6848653539069,NA
2020-01-21,58.3400001525879,-0.00342232984801694,95.3579598914326,NA
2020-01-22,56.7400016784668,-0.0278085080926438,92.7427286620438,NA
2020-01-23,55.5900001525879,-0.0204761272521665,90.8630269292186,NA
2020-01-24,54.189998626709,-0.0255069674743842,88.5746949271011,NA
2020-01-27,53.1399993896484,-0.0195664353899354,86.8584490431145,NA
2020-01-28,53.4799995422363,0.00637781482827293,87.41418645876,NA
2020-01-29,53.3300018310547,-0.00280868472728013,87.1690120383066,NA
2020-01-30,52.1399993896484,-0.0225666621475908,85.2239279659457,NA
2020-01-31,51.560001373291,-0.011186192093541,84.2759089834935,NA
2020-02-03,50.1100006103516,-0.0285256035539314,81.9058521745583,NA
2020-02-04,49.6100006103516,-0.010028162535916,81.0885916359739,NA
2020-02-05,50.75,0.0227191793059442,82.9519446663137,NA
2020-02-06,50.9500007629395,0.0039331567211156,83.2788501287882,NA
2020-02-07,50.3199996948242,-0.0124421683155291,82.2491001043149,NA
2020-02-10,49.5699996948242,-0.0150168004514626,81.0232092964383,NA
2020-02-11,49.939998626709,0.00743645147678729,81.6279803491339,NA
2020-02-12,51.1699981689453,0.0243311296804376,83.6384405258271,NA
2020-02-13,51.4199981689453,0.00487377919472065,84.0470707951193,0.0174085298319481
2020-02-14,52.0499992370605,0.0121776141751919,85.0768208195924,0.0174244718785846
2020-02-18,52.0499992370605,0,85.0768208195924,0.0161284424212656
2020-02-19,53.2900009155273,0.0235439330856284,87.103629698771,0.0169470262002719
2020-02-20,53.7799987792969,0.00915291465384538,87.9045415348701,0.0171484354429927
2020-02-21,53.3800010681152,-0.00746546415660232,87.2507368451243,0.0148654297729199
2020-02-24,51.4300003051758,-0.0372144982653957,84.0634194976048,0.0160611616961386
2020-02-25,49.9000015258789,-0.0302006323844259,81.5626042448015,0.0167033425290058
2020-02-26,48.7299995422363,-0.0237261858746716,79.6502113422085,0.0169188871038483
2020-02-27,47.0900001525879,-0.0342341799657273,76.9695977732843,0.0176073876944532
2020-02-28,44.7599983215332,-0.0507458215513434,73.1611606705836,0.0193286820496184
2020-03-02,46.75,0.0434994097902304,76.4138603576388,0.0212364634309858
2020-03-03,47.1800003051758,0.0091558247131629,77.1167049196376,0.0214087530672156
2020-03-04,46.7799987792969,-0.00851434538637719,76.4628939946889,0.0213980237096068
2020-03-05,45.9000015258789,-0.018990584751434,75.0245199361265,0.0211667788249912
2020-03-06,41.2799987792969,-0.106087058708037,67.4730280702608,0.0277760615559022
2020-03-09,31.1299991607666,-0.282206134107486,50.8826397605183,0.0569554119406844
2020-03-10,34.3600006103516,0.0987211573849636,56.1621452091506,0.0608394115339308
2020-03-11,32.9799995422363,-0.0409918116280754,53.9065043768007,0.0608926269604945
2020-03-12,31.5,-0.0459137574198261,51.4874139308154,0.0610761386643232
2020-03-13,31.7299995422363,0.00727504533667478,51.8633530303398,0.0612344283771404
2020-03-16,28.7000007629395,-0.100365441819429,46.9107561617836,0.0631009458638327
2020-03-17,26.9500007629395,-0.0629138236843838,44.0503442767383,0.0635805450190942
2020-03-18,20.3700008392334,-0.279920054226256,33.295195713672,0.0791983330861518
2020-03-19,25.2199993133545,0.213574031872351,41.2226204438592,0.0904220222578007
2020-03-20,22.4300003051758,-0.117237941172729,36.6623082597112,0.0918580581754104
2020-03-23,23.3600006103516,0.0406258219502766,38.1824133602944,0.092662454693012
2020-03-24,24.0100002288818,0.0274452356778405,39.2448514369337,0.0931523621197227
2020-03-25,24.4899997711182,0.0197944418522158,40.0294208057504,0.0933240879015705
2020-03-26,22.6000003814697,-0.0803149384607171,36.9401769675339,0.0934205445654802
2020-03-27,21.5100002288818,-0.0494319692370757,35.1585487440118,0.0933028843464945
2020-03-30,20.0900001525879,-0.0682957674982951,32.8375286897282,0.093233488463574
2020-03-31,20.4799995422363,0.019226591397504,33.4749909121915,0.0935247676719257
2020-04-01,20.3099994659424,-0.00833542852257319,33.1971222043688,0.093062546871285
2020-04-02,25.3199996948242,0.220481235926228,41.3860731750963,0.103688584423891
2020-04-03,28.3400001525879,0.112679654423504,46.3223275763703,0.106670926077542
2020-04-06,26.0799999237061,-0.0831055055136503,42.6283095678568,0.107237444956049
2020-04-07,23.6299991607666,-0.0986516784498472,38.6237316817527,0.108128486277396
2020-04-08,25.0900001525879,0.0599523107767279,41.0101340755719,0.109233893635635
2020-04-09,22.7600002288818,-0.097464747145505,37.2017000904727,0.110082276278827
2020-04-13,22.4099998474121,-0.0154973383105328,36.6296170899434,0.109977621715935
2020-04-14,20.1100006103516,-0.108290046868704,32.870219859496,0.110301025266618
2020-04-15,19.8700008392334,-0.0120061353352821,32.4779351750876,0.110121941059871
2020-04-16,19.8700008392334,0,32.4779351750876,0.110187045008606
2020-04-17,18.2700004577637,-0.0839507033545304,29.8627008280974,0.110630273119864
2020-04-20,-37.6300010681152,NA,-61.5070298797166,0.111652289617198
2020-04-21,10.0100002288818,NA,16.3615563565712,0.102231128974019
2020-04-22,13.7799997329712,0.319633630015072,22.5237000069211,0.118832033523386
2020-04-23,16.5,0.18014213469902,26.9695977732843,0.12401029621151
2020-04-24,16.9400005340576,0.0263173398437955,27.6887879201669,0.123840989540838
2020-04-27,12.7799997329712,-0.281796292695214,20.8891789297523,0.134725379442157
2020-04-28,12.3400001525879,-0.0350353972125665,20.1699903416704,0.133681873144656
2020-04-29,15.0600004196167,0.199196219392192,24.6158881080336,0.138820148292776
2020-04-30,18.8400001525879,0.223940027012621,30.7943773432673,0.133657188588352
2020-05-01,19.7800006866455,0.0486890836613334,32.3308280287343,0.128277335422584
2020-05-04,20.3899993896484,0.0303731937437979,33.3278837658381,0.125742906886412
2020-05-05,24.5599994659424,0.186074526881431,40.1438367823359,0.129652238766745
2020-05-06,23.9899997711182,-0.0234820142230392,39.212160267166,0.129948484723309
2020-05-07,23.5499992370605,-0.0185112792450415,38.4929701202832,0.130168104431594
2020-05-08,24.7399997711182,0.0492955696470099,40.4380510750426,0.128762278082786
2020-05-11,24.1399993896484,-0.0245511673272971,39.4573378052209,0.128316680300509
2020-05-12,25.7800006866455,0.0657288337602977,42.1379544917467,0.127178761049046
2020-05-13,25.2900009155273,-0.0191899272628233,41.3370395380462,0.127510494745951
2020-05-14,27.5599994659424,0.085956329884429,45.0474000138422,0.127732254833441
2020-05-15,29.4300003051758,0.0656491458474688,48.1039557998924,0.122533600515549
2020-05-18,31.8199996948242,0.0780804407040199,52.0104601766931,0.121808418724429
2020-05-19,32.5,0.0211450760167424,53.1219350079842,0.119940799700657
2020-05-20,33.4900016784668,0.0300068475888673,54.7401136178706,0.117290678029966
2020-05-21,33.9199981689453,0.0127578200175762,55.4429519446663,0.117242163314468
2020-05-22,33.25,-0.019949989840272,54.3478258158607,0.114958564945928
2020-05-26,34.3499984741211,0.032547207144983,56.1457965066651,0.114534296977412
2020-05-27,32.810001373291,-0.0458685854179697,53.6286387865796,0.112190301338618
2020-05-28,33.7099990844727,0.0270611132581688,55.0997040149097,0.111775001754046
2020-05-29,35.4900016784668,0.0514565118654353,58.0091557722081,0.11150943466992
2020-06-01,35.439998626709,-0.00140992696534736,57.9274247301872,0.109116210818335
2020-06-02,36.810001373291,0.0379284977113477,60.1667230952545,0.107158387688335
2020-06-03,37.2900009155273,0.0129556340437982,60.9512924640711,0.105456049053962
2020-06-04,37.4099998474121,0.00321282553897584,61.1474332474746,0.0918691261733455
2020-06-05,39.5499992370605,0.0556276306419017,64.6453073549831,0.0877250688035957
2020-06-08,38.189998626709,-0.0349920096451726,62.4223576924012,0.0885037730630992
2020-06-09,38.939998626709,0.0194482993992224,63.6482485002778,0.0666367902667661
2020-06-10,39.5999984741211,0.0168071150509319,64.727032161801,0.0653605776614759
2020-06-11,36.3400001525879,-0.0859100125612171,59.3984961937203,0.0618791819157943
2020-06-12,36.2599983215332,-0.00220390812998028,59.2677315146493,0.0499907958190969
2020-06-15,37.1199989318848,0.0234407201064029,60.6734206386469,0.0497348014386599
2020-06-16,38.3800010681152,0.0333806392662042,62.7329206875932,0.0497574077240473
2020-06-17,37.9599990844727,-0.0110035687860326,62.0464185928768,0.0390891552297664
2020-06-18,38.8400001525879,0.0229176977282362,63.4847988866421,0.0384465949368984
2020-06-19,39.75,0.0231591937485889,64.9722128174575,0.037903409790428
2020-06-22,40.4599990844727,0.0177039680112974,66.1327212857987,0.0374239498749121
2020-06-23,40.3699989318848,-0.00222690070493137,65.9856141394454,0.0367983881116861
2020-06-24,38.0099983215332,-0.0602376695641085,62.1281433996946,0.0382222044017904
2020-06-25,38.7200012207031,0.0185070550922006,63.2886581032387,0.0377461280506482
2020-06-26,38.4900016784668,-0.00595778303127803,62.9127190037143,0.035376677627611
2020-06-29,39.7000007629395,0.0309526960072435,64.8904880106398,0.0340762593096147
2020-06-30,39.2700004577637,-0.0108903266640166,64.187643448641,0.0317360975575592
2020-07-01,39.8199996948242,0.0139084107254197,65.0866287940431,0.0316523630903069
2020-07-02,40.6500015258789,0.0206295825586476,66.4432842809906,0.0314607115039822
2020-07-06,40.6300010681152,-0.000492137242348978,66.4105931112229,0.0314622323426968
2020-07-07,40.6199989318848,-0.000246206431530727,66.3942444087375,0.0311051067334921
2020-07-08,40.9000015258789,0.00686957049937265,66.8519145502828,0.0307194845929091
2020-07-09,39.6199989318848,-0.0317960860448938,64.7597233315688,0.0300020927993346
2020-07-10,40.5499992370605,0.0232017474352233,66.2798284321518,0.029918099466457
2020-07-13,40.0999984741211,-0.0111594654859575,65.5442927003854,0.0288126769670139
2020-07-14,40.2900009155273,0.00472702566601324,65.8548556955773,0.0287942023614495
2020-07-15,41.2000007629395,0.0223349529467365,67.3422696263929,0.0283023016139052
2020-07-16,40.75,-0.0109824351865582,66.6067338946263,0.028371341259032
2020-07-17,40.5900001525879,-0.00393410507681669,66.3452107716874,0.028399117414196
2020-07-20,40.810001373291,0.00540544845850421,66.7048074039295,0.0265957283887238
2020-07-21,41.9599990844727,0.0277895786404878,68.5845029015518,0.0261282145570261
2020-07-22,41.9000015258789,-0.00143089836379806,68.4864356274516,0.0259562936323451
2020-07-23,41.0699996948242,-0.0200079428074074,67.129780140504,0.026123460774432
2020-07-24,41.2900009155273,0.00534244153325725,67.4893767727461,0.0202904163561786
2020-07-27,41.5999984741211,0.0074797685163368,67.9960743161385,0.0202610988040927
2020-07-28,41.0400009155273,-0.0135529074167517,67.0807465034539,0.0201992424802292
2020-07-29,41.2700004577637,0.00558863168573076,67.4566856029785,0.019395606366035
2020-07-30,39.9199981689453,-0.0332584492812562,65.2500784076787,0.0203298201893655
2020-07-31,40.2700004577637,0.00872938065556728,65.8221645258097,0.0199807124457684
2020-08-03,41.0099983215332,0.0182091122450094,67.0317066312008,0.0198128969529962
2020-08-04,41.7000007629395,0.016685248624932,68.1595301649773,0.0197842043207037
2020-08-05,42.189998626709,0.0116820464854257,68.9604420010762,0.0198686187915002
2020-08-06,41.9500007629395,-0.00570474248600039,68.5681604342695,0.0161806869928921
2020-08-07,41.2200012207031,-0.0175548460234398,67.3749607961605,0.0163496855208089
2020-08-10,41.939998626709,0.0173163876529387,68.551811731784,0.0165062997367648
2020-08-11,41.6100006103516,-0.00789945506635403,68.012423018624,0.0157322833314511
2020-08-12,42.6699981689453,0.0251555166246784,69.7450113698928,0.0161198208792207
2020-08-13,42.2400016784668,-0.0101283751534806,69.0421730430971,0.016144339496162
2020-08-14,42.0099983215332,-0.00546003390712757,68.6662277083695,0.0158034380233173
2020-08-17,42.8899993896484,0.0207310390708546,70.1046080021349,0.0161999028426365
2020-08-18,42.8899993896484,0,70.1046080021349,0.0161988905155457
2020-08-19,42.9300003051758,0.000932205046991097,70.1699903416704,0.016171222516778
2020-08-20,42.5800018310547,-0.00818618687712691,69.5979104587426,0.0150229030589132
2020-08-21,42.3400001525879,-0.00565243315743613,69.2056226567327,0.0145618955240688
2020-08-24,42.6199989318848,0.0065913322985196,69.663286563075,0.0143919350449253
2020-08-25,43.3499984741211,0.0169830664183888,70.8564862011838,0.014642852339046
2020-08-26,43.3899993896484,0.000922317716118837,70.9218685407192,0.0141533427664862
2020-08-27,43.0400009155273,-0.00809904861854349,70.3497886577914,0.0140736294101598
2020-08-28,42.9700012207031,-0.00162771092990655,70.2353726812058,0.0140473737581784
2020-08-31,42.6100006103516,-0.00841324435920709,69.6469440957927,0.0141545950072781
2020-09-01,42.7599983215332,0.00351406506768415,69.8921185162461,0.0132619763838205
2020-09-02,41.5099983215332,-0.0296687252739374,67.8489671697852,0.014369125163539
2020-09-03,41.3699989318848,-0.00337836697498028,67.6201352166141,0.0138960748043727
2020-09-04,39.7700004577637,-0.039443083924851,65.0049039872253,0.0156271349671777
2020-09-08,36.7599983215332,-0.0787026189025317,60.0849920532336,0.0209737843067334
2020-09-09,38.0499992370605,0.0344908124293783,62.19352573923,0.0220362180066924
2020-09-10,37.2999992370605,-0.0199077580610947,60.9676349313534,0.0222036725120465
2020-09-11,37.3300018310547,0.000804035781351242,61.0166748036067,0.0214818398175799
2020-09-14,37.2599983215332,-0.00187702185095562,60.902252591818,0.0213821978844948
2020-09-15,38.2799987792969,0.027007214569934,62.5694648387545,0.0217347307373861
2020-09-16,40.1599998474121,0.047943936888017,65.6423662096886,0.023364257840521
2020-09-17,40.9700012207031,0.0199686497698526,66.9663305268684,0.0235705425244212
2020-09-18,41.1100006103516,0.00341129440275134,67.1951624800396,0.0235662670803356
2020-09-21,39.310001373291,-0.0447724413879076,64.2530257881764,0.024733547602909
2020-09-22,39.5999984741211,0.00735010535946801,64.727032161801,0.0245371187520373
2020-09-23,39.9300003051758,0.00829884898976108,65.2664271101642,0.0245790465385799
2020-09-24,40.310001373291,0.0094716824794201,65.8875468653451,0.0241585126111801
2020-09-25,40.25,-0.0014896073327475,65.7894733560419,0.0241084426690207
2020-09-28,40.5999984741211,0.00865802515988978,66.3615532389698,0.0241683884350239
2020-09-29,39.2900009155273,-0.0327979721523048,64.2203346184086,0.0244722273893671
2020-09-30,40.2200012207031,0.0233943578229971,65.7404397189918,0.0249368791772016
2020-10-01,38.7200012207031,-0.0380081207603555,63.2886581032387,0.025770831026154
2020-10-02,37.0499992370605,-0.0440879627848627,60.5590046620612,0.0268113893021797
2020-10-05,39.2200012207031,0.0569185207427689,64.1059186418231,0.0290684333809099
2020-10-06,40.6699981689453,0.0363038230041819,66.4759692155553,0.0298853894592204
2020-10-07,39.9500007629395,-0.0178619835872444,65.299118279932,0.0298168656710431
2020-10-08,41.189998626709,0.0305667837979482,67.3259209239075,0.0304268049541058
2020-10-09,40.5999984741211,-0.0144274460831286,66.3615532389698,0.030494314002172
2020-10-12,39.4300003051758,-0.0292410733952408,64.4491665715798,0.0308984593095826
2020-10-13,40.2000007629395,0.0193400589743487,65.7077485492242,0.0311411593513495
2020-10-14,41.0400009155273,0.0206802085671138,67.0807465034539,0.0314014671118848
2020-10-15,40.9599990844727,-0.00195126479117258,66.9499818243831,0.0309445230883308
2020-10-16,40.8800010681152,-0.001954986356,66.819223380515,0.030940960768338
2020-10-19,40.8300018310547,-0.00122382184621106,66.7374985736973,0.0300518849055812
2020-10-20,41.4599990844727,0.0153119347481505,67.7672423629674,0.0261106536009248
2020-10-21,40.0299987792969,-0.035099942415675,65.4298767237999,0.0263990508258033
2020-10-22,40.6399993896484,0.0151236457419568,66.4269355785052,0.0261846323177103
2020-10-23,39.8499984741211,-0.0196304213060712,65.1356624310932,0.026503761659991
2020-10-26,38.560001373291,-0.0329068615889239,63.0271349802998,0.0272620807654953
2020-10-27,39.5699996948242,0.0258557423282935,64.6779985247509,0.0272251966346707
2020-10-28,37.3899993896484,-0.0566679750199346,61.1147420777068,0.0277141361948468
2020-10-29,36.1699981689453,-0.0331732773246656,59.1206243682959,0.0279337354393783
2020-10-30,35.7900009155273,-0.0105614449819629,58.499510848318,0.0279197351083097
2020-11-02,36.810001373291,0.0281010343400134,60.1667230952545,0.0274723577855011
2020-11-03,37.6599998474121,0.022828934478802,61.5560635167667,0.0278011036226222
2020-11-04,39.1500015258789,0.0388019422347234,63.9915026652375,0.0287210067007919
2020-11-05,38.7900009155273,-0.00923795635798363,63.4030740798242,0.0286965953853294
2020-11-06,37.1399993896484,-0.0434679655632704,60.7061118084146,0.0297125773063454
2020-11-09,40.2900009155273,0.0814087824359406,65.8548556955773,0.0334088081265175
2020-11-10,41.3600006103516,0.0262109230305305,67.6037927493318,0.0331629700694039
2020-11-11,41.4500007629395,0.00217365503034062,67.7508998956851,0.0329098824056233
2020-11-12,41.1199989318848,-0.00799330481621929,67.2115049473219,0.032129972983187
2020-11-13,40.1300010681152,-0.0243703842761431,65.5933325726385,0.0313467126245116
2020-11-16,41.3400001525879,0.0297063470494678,67.571101579564,0.0300911323601655
2020-11-17,41.4300003051758,0.00217470551069932,67.7182087259173,0.0293765830157241
2020-11-18,41.8199996948242,0.00936942324775325,68.3556709483806,0.0292061228178773
2020-11-19,41.7400016784668,-0.00191474484163923,68.2249125045127,0.0286898758634845
2020-11-20,42.1500015258789,0.00977477878754085,68.8950658967438,0.0285974610266177
2020-11-23,43.060001373291,0.0213598031796915,70.3824798275592,0.0282269687850001
2020-11-24,44.9099998474121,0.0420659598732938,73.4063413262401,0.0289773723424276
2020-11-25,45.7099990844727,0.0176565886126059,74.7139569409346,0.0289214558446297
2020-11-27,45.5299987792969,-0.00394564977888656,74.419742648228,0.0289369259028319
2020-11-30,45.3400001525879,-0.0041817740909309,74.109185888239,0.0289543203559639
2020-12-01,44.5499992370605,-0.0175775116534456,72.8179127408268,0.0291982978268707
2020-12-02,45.2799987792969,0.0162532701445843,74.0111123789358,0.0292125912917446
2020-12-03,45.6399993896484,0.00791910468476553,74.5995409643489,0.0283233412644943
2020-12-04,46.2599983215332,0.0134931088992616,75.6129422863367,0.0283035551364427
2020-12-07,45.7599983215332,-0.0108673101282033,74.7956817477523,0.0280923119019982
2020-12-08,45.5999984741211,-0.00350262733367712,74.5341586248135,0.0272381988399273
2020-12-09,45.5200004577637,-0.00175588318368725,74.4034001809456,0.0269952094717918
2020-12-10,46.7799987792969,0.0273039351870858,76.4628939946889,0.0246691994815248
2020-12-11,46.5699996948242,-0.00449918462025156,76.1196460649321,0.0235713020753287
2020-12-14,46.9900016784668,0.00897829839315278,76.8061481596486,0.023296963714978
2020-12-15,47.6199989318848,0.0133179697943628,77.8358919489188,0.023035543204644
2020-12-16,47.8199996948242,0.00419113701967211,78.162797411393,0.0228889415846307
2020-12-17,48.3600006103516,0.0112290827191748,79.045440289513,0.0221494988617107
2020-12-18,49.0999984741211,0.0151859653559185,80.2549823949041,0.0219786661011494
2020-12-21,47.7400016784668,-0.0280893476543276,78.0320389675252,0.0208928377510264
2020-12-22,47.0200004577637,-0.0151966032217499,76.8551817966987,0.0161547297593657
2020-12-23,48.1199989318848,0.0231248160621362,78.6531524875031,0.0160252939634133
2020-12-24,48.2299995422363,0.00228335568004567,78.8329508036241,0.0160246284180599
2020-12-28,47.6199989318848,-0.0127284059608699,77.8358919489188,0.0161800933462881
2020-12-29,48,0.00794819227914534,78.4570117040997,0.0152115063744321
2020-12-30,48.4000015258789,0.00829883434111789,79.1108226290484,0.0145471978504742
2020-12-31,48.5200004577637,0.00247624826137649,79.3069634124519,0.0145450996868887
2021-01-04,47.6199989318848,-0.0187232748816397,77.8358919489188,0.015162978074981
2021-01-05,49.9300003051758,0.0473692119958451,81.6116378818516,0.0170193058596157
2021-01-06,50.6300010681152,0.013922276453715,82.7558038829103,0.017068036457339
2021-01-07,50.8300018310547,0.00394246040361512,83.0827093453847,0.0168259435574341
2021-01-08,52.2400016784668,0.0273617496161696,85.3873838147845,0.0159144188782517
2021-01-11,52.25,0.000191373746829981,85.4037262820668,0.0157556145031309
2021-01-12,53.2099990844727,0.0182064405574316,86.9728650197002,0.0158669128240465
2021-01-13,52.9099998474121,-0.00565397737022577,86.4825099435901,0.01589915999807
2021-01-14,53.5699996948242,0.0123968501639755,87.5612936051133,0.0153543637501744
2021-01-15,52.3600006103516,-0.0228462514975734,85.5835245981879,0.0161077889763629
2021-01-19,52.9799995422363,0.0117715225050836,86.5969259201756,0.0161484659291353
2021-01-20,53.2400016784668,0.00489554984972207,87.0219048919533,0.0160680996899901
2021-01-21,53.1300010681152,-0.00206826448667696,86.8421065758321,0.0158533068243695
2021-01-22,52.2700004577637,-0.0163191590841514,85.4364174518346,0.0162572614768067
2021-01-25,52.7700004577637,0.00952025460976635,86.253677990419,0.0162367693069225
2021-01-26,52.6100006103516,-0.00303662874811961,85.9921548674801,0.0157319316075842
2021-01-27,52.8499984741211,0.0045514561002129,86.3844364342869,0.0156515861239449
2021-01-28,52.3400001525879,-0.00969678342704494,85.5508334284202,0.0158260799334112
2021-01-29,52.2000007629395,-0.00267839051302854,85.3220014752491,0.0157564914609163
2021-02-01,53.5499992370605,0.0255332731422295,87.5286024353455,0.0162823016561403
2021-02-02,54.7599983215332,0.0223441871223966,89.506371442271,0.0165815416409254
2021-02-03,55.689998626709,0.0168406031730965,91.0264765428542,0.0166222423615008
2021-02-04,56.2299995422363,0.0096498412211794,91.909119420974,0.0154835176207583
2021-02-05,56.8499984741211,0.0109657791929125,92.9225207429618,0.0150097104994257
2021-02-08,57.9700012207031,0.0195094630530317,94.753188838737,0.0148841895656627
2021-02-09,58.3600006103516,0.00670507770383555,95.3906510612004,0.0148658715880971
2021-02-10,58.6800003051758,0.00546822436248551,95.9136973070781,0.0144250779498696
2021-02-11,58.2400016784668,-0.00752652576720081,95.194510277797,0.014663291742305
2021-02-12,59.4700012207031,0.0208995715366109,97.2049704544901,0.0148968162981382
2021-02-16,60.0499992370605,0.00970553157605192,98.1529894369423,0.0148818260518094
2021-02-17,61.1399993896484,0.0179887706589144,99.9346176604644,0.0141773235883788
2021-02-18,60.5200004577637,-0.010192409995839,98.9212163384768,0.0125086525913082
2021-02-19,59.2400016784668,-0.021376878751064,96.8290313549657,0.0134058522250582
2021-02-22,61.4900016784668,0.0372775695290271,100.506703778595,0.0146214272837345
2021-02-23,61.6699981689453,0.00292297205026681,100.800911836099,0.0140809942901381
2021-02-24,63.2200012207031,0.0248231667840564,103.334424493873,0.0144715872072358
2021-02-25,63.5299987792969,0.00489148996756583,103.841122037265,0.014298652551592
2021-02-26,61.5,-0.0324750412513763,100.523046245878,0.0158056497049717
2021-03-01,60.6399993896484,-0.0140824435435212,99.11735712188,0.0161155076781738
2021-03-02,59.75,-0.0147855404573312,97.6626343608324,0.0157123458174897
2021-03-03,61.2799987792969,0.0252843147006256,100.163449613636,0.0161193411593419
2021-03-04,63.8300018310547,0.0407698224421473,104.331483348578,0.0174023393846355
2021-03-05,66.0899963378906,0.034794066117021,108.025492004287,0.0180970895553954
2021-03-08,65.0500030517578,-0.0158611421988688,106.325601057989,0.0180766794121387
2021-03-09,64.0100021362305,-0.0161168973452472,104.625697641285,0.018567009446878
2021-03-10,64.4400024414062,0.00669524166797686,105.328542203284,0.0184806051030648
2021-03-11,66.0199966430664,0.0242230793825486,107.911076027702,0.0187465816318195
2021-03-12,65.6100006103516,-0.00622954291831501,107.240928870674,0.0186478652767331
2021-03-15,65.3899993896484,-0.00335880042034464,106.881332238432,0.0186611211711073
2021-03-16,64.8000030517578,-0.009063681785908,105.916970788697,0.0185777079133893
2021-03-17,64.5999984741211,-0.00309126328511677,105.59005909102,0.0184024789301696
2021-03-18,60,-0.0738698249460388,98.0712646301246,0.0232817115482648
2021-03-19,61.4199981689453,0.0233909229785487,100.392281566807,0.0235610278353354
2021-03-22,61.5499992370605,0.00211435503437052,100.604771052695,0.0235124663300204
2021-03-23,57.7599983215332,-0.0635533747097776,94.4099346737773,0.0261959083696844
2021-03-24,61.1800003051758,0.0575238781856786,100,0.0282176221113784
2021-03-25,58.560001373291,-0.0437684506068576,95.7175565236747,0.0293907424323915
2021-03-26,60.9700012207031,0.0403300668370346,99.6567520702432,0.0302579208429573
2021-03-29,61.560001373291,0.00963037133775124,100.621119755181,0.0300785443177094
2021-03-30,60.5499992370605,-0.0165428738799047,98.9702499755267,0.0302026439205024
2021-03-31,59.1599998474121,-0.023223822135586,96.6982666758947,0.0303063140784575
2021-04-01,61.4500007629395,0.0379782131643003,100.44132143906,0.0310741829993522
2021-04-05,58.6500015258789,-0.0466362473114836,95.864663670028,0.0320155789996717
2021-04-06,59.3300018310547,0.0115275100165828,96.976138501319,0.0313098546246946
2021-04-07,59.7700004577637,0.00738875936215866,97.6953255306002,0.0313406942725322
2021-04-08,59.5999984741211,-0.00284832202560725,97.4174537051759,0.0309580386172527
2021-04-09,59.3199996948242,-0.00470903634414643,96.9597897988336,0.0309343246056991
2021-04-12,59.7000007629395,0.00638552105294998,97.5809095540147,0.0304361868585985
2021-04-13,60.1800003051758,0.00800804309483727,98.3654789228313,0.0303756802665039
2021-04-14,63.1500015258789,0.0481727966863197,103.220008517287,0.0314914427671449
2021-04-15,63.4599990844727,0.00489689876893973,103.72670606068,0.0311866832730711
2021-04-16,63.1300010681152,-0.00521366242937837,103.18731734752,0.0302901765576133
2021-04-19,63.3800010681152,0.00395226181650266,103.595947616812,0.0295704663354752
2021-04-20,62.439998626709,-0.0149422974618725,102.059493813743,0.0295554388021164
2021-04-21,61.3499984741211,-0.0176109273682421,100.277865590221,0.0295823993452374
2021-04-22,61.4300003051758,0.00130317385847967,100.408630269292,0.0295477857063396
2021-04-23,62.1399993896484,0.0114915739990016,101.569138737633,0.0292541605456977
2021-04-26,61.9099998474121,-0.00370817907623255,101.193199638109,0.0292452670735807
2021-04-27,62.939998626709,0.0165001547507435,102.876754352328,0.0294360562291551
2021-04-28,63.8600006103516,0.0145113270270762,104.380516985629,0.0295354147548849
2021-04-29,65.0100021362305,0.0178479402321186,106.260218718454,0.02971859819441
2021-04-30,63.5800018310547,-0.0222421527945249,103.922853079286,0.0266134505109707
2021-05-03,64.4899978637695,0.0142111556154161,105.410260774898,0.0264102100364313
2021-05-04,65.6900024414062,0.0184366041726527,107.371693549745,0.0265881486705914
2021-05-05,65.629997253418,-0.000913877433808885,107.273613805238,0.0235329049658267
2021-05-06,64.7099990844727,-0.0141171317151239,105.769857407141,0.0214873051716011
2021-05-07,64.9000015258789,0.00293191230025869,106.080420402333,0.01968283042457
2021-05-10,64.9199981689453,0.00030806722032839,106.113105336897,0.0184105123332685
2021-05-11,65.2799987792969,0.00552997751475104,106.701533922311,0.0183677922131111
2021-05-12,66.0800018310547,0.0121804649660326,108.009155772208,0.0181171865335378
2021-05-13,63.8199996948242,-0.0347995408541113,104.315134646093,0.0188033212856987
2021-05-14,65.370002746582,0.0239968635723011,106.848647303867,0.0180526458792757
2021-05-17,66.2699966430664,0.0136737758041532,108.319706296994,0.0156394674483918
2021-05-18,65.4899978637695,-0.0118398288339554,107.044781852067,0.0158359910748485
2021-05-19,63.3600006103516,-0.0330646694715302,103.563256447044,0.0171435265922018
2021-05-20,62.0499992370605,-0.0208922577841895,101.42203159128,0.0176271742003984
2021-05-21,63.5800018310547,0.0243584849268252,103.922853079286,0.0180762103127685
2021-05-24,66.0500030517578,0.038113092890204,107.960122135158,0.0192150425742338
2021-05-25,66.0699996948242,0.000302704250732866,107.992807069723,0.0192023934447001
2021-05-26,66.2099990844727,0.00211671368630828,108.221639022894,0.017213747941606
2021-05-27,66.8499984741211,0.00961978561341237,109.267731514649,0.0172666699698033
2021-05-28,66.3199996948242,-0.00795977449706431,108.401437339015,0.0173119957225155
2021-06-01,67.7200012207031,0.0208900690652003,110.689769341132,0.0176625442256539
2021-06-02,68.8300018310547,0.0162581477221648,112.504088734422,0.0175360099899722
2021-06-03,68.8099975585938,-0.000290675278849406,112.471391329451,0.0171054263874769
2021-06-04,69.620002746582,0.0117028741003509,113.795361881834,0.0171578535429585
2021-06-07,69.2300033569336,-0.00561757865482804,113.157899659371,0.0171904756707015
2021-06-08,70.0500030517578,0.0117749731689241,114.498206443833,0.0171958746561109
2021-06-09,69.9599990844727,-0.00128567928447509,114.351093062277,0.0170603066359125
2021-06-10,70.2900009155273,0.00470591714885327,114.89048801064,0.0169360386465972
2021-06-11,70.9100036621094,0.0087819647475591,115.903895567831,0.0167454272992978
2021-06-14,70.879997253418,-0.000423251413295134,115.854849460374,0.0160764408984385
2021-06-15,72.120002746582,0.0173431688715366,117.881664574756,0.0161575366928924
2021-06-16,72.1500015258789,0.000415869949966563,117.930698211806,0.0159251412279971
2021-06-17,71.0400009155273,-0.0155041947971775,116.116378818516,0.0162718089281057
2021-06-18,71.6399993896484,0.00841045710140254,117.097088970736,0.0159891624125472
2021-06-21,73.6600036621094,0.0278063920605023,120.398828530045,0.0165978904809701
2021-06-22,73.0599975585938,-0.00817897278262869,119.418105907419,0.016738605351419
2021-06-23,73.0800018310547,0.000273768614607484,119.450803312389,0.0167488676700913
2021-06-24,73.3000030517578,0.00300589396112017,119.810399944631,0.0166734492723144
2021-06-25,74.0500030517578,0.0101799313995228,121.036290752508,0.0150589146058672
2021-06-28,72.9100036621094,-0.0155147278797862,119.172937722168,0.0150639988988432
2021-06-29,72.9800033569336,0.000959622960149176,119.287353698754,0.0149503608208162
2021-06-30,73.4700012207031,0.00669169924087853,120.088265534853,0.0146874094379595
2021-07-01,75.2300033569336,0.0236729559472293,122.965026122383,0.0133659361480792
2021-07-02,75.1600036621094,-0.000930908924957841,122.850610145798,0.0124615041760658
2021-07-06,73.370002746582,-0.0241040531088688,119.924815921217,0.0131726575950522
2021-07-07,72.1999969482422,-0.0160751665299097,118.012416783421,0.0121163159753522
2021-07-08,72.9400024414062,0.0101972152212992,119.221971359218,0.0121757965239435
2021-07-09,74.5599975585938,0.0219669187811888,121.869887523172,0.0126399375087355
2021-07-12,74.0999984741211,-0.00618862592327041,121.118009324123,0.0127250431795647
2021-07-13,75.25,0.0154003919191021,122.997711056948,0.0127186373850844
2021-07-14,73.129997253418,-0.0285772619036537,119.532521884004,0.013653901098103
2021-07-15,71.6500015258789,-0.0204454661548645,117.113437673222,0.0140237337288858
2021-07-16,71.8099975585938,0.0022305325536216,117.374954560958,0.0140211884123943
2021-07-19,66.4199981689453,-0.07802551974331,108.56488695265,0.0200337171876619
2021-07-20,67.4199981689453,0.0149434942662108,110.199408029819,0.0202410492460957
2021-07-21,70.3000030517578,0.0418301595801234,114.906836713125,0.0215881406907207
2021-07-22,71.9100036621094,0.022643545813577,117.538416644999,0.0219730977933176
2021-07-23,72.0699996948242,0.00222247666122399,117.799933532735,0.0219630045873742
2021-07-26,71.9100036621094,-0.00222247666122399,117.538416644999,0.0219175258827462
2021-07-27,71.6500015258789,-0.00362221247022276,117.113437673222,0.0219297836959782
2021-07-28,72.3899993896484,0.0102749843031473,118.322979778613,0.0217784794673495
2021-07-29,73.620002746582,0.016848605384812,120.333446190509,0.0219916681918795
2021-07-30,73.9499969482422,0.00447238263052707,120.872828668466,0.0217864474936433
2021-08-02,71.2600021362305,-0.0370539577332893,116.475975450758,0.0228336338193706
2021-08-03,70.5599975585938,-0.0098718130575568,115.331803214497,0.0222706291197768
2021-08-04,68.1500015258789,-0.0347521965655604,111.392613903131,0.0230625520420069
2021-08-05,69.0899963378906,0.0136987689632422,112.929055235793,0.0232441290379966
2021-08-06,68.2799987792969,-0.0117930694474504,111.605097153817,0.0232940313174342
2021-08-09,66.4800033569336,-0.0267156790057568,108.662966697157,0.0235810885217845
2021-08-10,68.2900009155273,0.026862155336878,111.621445856302,0.0241058246865475
2021-08-11,69.25,0.0139597886879876,113.190584593935,0.024280465374786
2021-08-12,69.0899963378906,-0.00231319557165843,112.929055235793,0.0242281280990179
2021-08-13,68.4400024414062,-0.00945246479958506,111.866626511959,0.0237658734554579
2021-08-16,67.2900009155273,-0.016945833890281,109.986924779133,0.0238937576486135
2021-08-17,66.5899963378906,-0.0104572896782793,108.842752542872,0.0236199862285148
2021-08-18,65.4599990844727,-0.0171151060406665,106.995748215017,0.0236402391720309
2021-08-19,63.689998626709,-0.0274117122658168,104.102645160204,0.023897427257059
2021-08-20,62.3199996948242,-0.0217451461555838,101.86335303034,0.0235569397964201
2021-08-23,65.6399993896484,0.0519028602578429,107.289962507724,0.0258180266571799
2021-08-24,67.5400009155273,0.0285347715893369,110.395555048426,0.0262665432363319
2021-08-25,68.3600006103516,0.0120678386631239,111.735861832888,0.025980640927482
2021-08-26,67.4199981689453,-0.0138461845288909,110.199408029819,0.0258488581441543
2021-08-27,68.7399978637695,0.0193895576977337,112.356975352866,0.026134609088418
2021-08-30,69.2099990844727,0.00681410728079701,113.1252022544,0.0217930425481352
2021-08-31,68.5,-0.0103116023573406,111.964693786059,0.021738416040001
2021-09-01,68.5899963378906,0.00131295285174726,112.111794697209,0.0202946996237066
2021-09-02,69.9899978637695,0.0202056460595816,114.400126699327,0.0202021744846396
2021-09-03,69.2900009155273,-0.0100517353272398,113.255966933471,0.0202609176178041
2021-09-07,68.3499984741211,-0.0136590680068007,111.719513130402,0.0203858616543724
2021-09-08,69.3000030517578,0.0138034093872976,113.272315635956,0.0205763453420357
2021-09-09,68.1399993896484,-0.0168805469572622,111.376265200646,0.02065531396677
2021-09-10,69.7200012207031,0.0229228348849668,113.95881149547,0.0208752202141917
2021-09-13,70.4499969482422,0.0104159568661508,115.152004898376,0.0209649537021679
2021-09-14,70.4599990844727,0.00014196489289553,115.168353600861,0.0198680888598629
2021-09-15,72.6100006103516,0.0300575018785274,118.682576410855,0.0205362563807829
2021-09-16,72.6100006103516,0,118.682576410855,0.0194014510207016
2021-09-17,71.9700012207031,-0.00885327931705415,117.636483919099,0.0193739525220375
2021-09-20,70.2900009155273,-0.023619828268175,114.89048801064,0.0197671866044189
2021-09-21,70.5599975585938,0.00383382288529255,115.331803214497,0.0190663829116996
2021-09-22,72.2300033569336,0.0233921414402607,118.061462890877,0.0189202282372231
2021-09-23,73.3000030517578,0.0147051319880402,119.810399944631,0.0189371333392169
2021-09-24,73.9800033569336,0.00923418125413011,120.921874775922,0.018965990536465
2021-09-27,75.4499969482422,0.0196753129858989,123.324610284219,0.0190898508323071
2021-09-28,75.2900009155273,-0.00212280874439497,123.063093396483,0.0187376704534314
2021-09-29,74.8300018310547,-0.00612843746024883,122.311215197435,0.0186409521001948
2021-09-30,75.0299987792969,0.0026691187263097,122.638114424706,0.0182174068146466
2021-10-01,75.879997253418,0.0112650915823203,124.027454846218,0.0172188286746471
2021-10-04,77.620002746582,0.0226720524553139,126.871530499184,0.0166660805234426
2021-10-05,78.9300003051758,0.016736226260984,129.012749119745,0.014520693429016
2021-10-06,77.4300003051758,-0.0191870812467769,126.560967503992,0.0145971757852227
2021-10-07,78.3000030517578,0.0111733356320078,127.983005330475,0.0145822067909285
2021-10-08,79.3499984741211,0.0133207857707376,129.699244979259,0.0142415469652717
2021-10-11,80.5199966430664,0.014637131338219,131.611631646649,0.0141067185962378
2021-10-12,80.6399993896484,0.00148923767330533,131.807778665255,0.0141201456899051
2021-10-13,80.4400024414062,-0.00248320149911496,131.480879437984,0.0138961668601478
2021-10-14,81.3099975585938,0.010757384938743,132.902904794061,0.0139083911514404
2021-10-15,82.2799987792969,0.0118590697549505,134.488392234179,0.0136893701361611
2021-10-18,82.4400024414062,0.00194273568780456,134.749921592321,0.0133947327704999
2021-10-19,82.9599990844727,0.00628776724890656,135.59986706547,0.0128811179346706
2021-10-20,83.870002746582,0.010909460858902,137.087287231489,0.0128349598594318
2021-10-21,82.5,-0.0164697204037711,134.847988866421,0.0128095014525494
2021-10-22,83.7600021362305,0.015157298725831,136.907488915368,0.0125391744344178
2021-10-25,83.7600021362305,0,136.907488915368,0.0125601824389522
2021-10-26,84.6500015258789,0.0105695345384182,138.362211676415,0.0125433822025527
2021-10-27,82.6600036621094,-0.0237892732180152,135.109518224563,0.0128482351354911
2021-10-28,82.8099975585938,0.0018129441767174,135.354686409814,0.0128314626725453
2021-10-29,83.5699996948242,0.00913580279801973,136.596925920176,0.0126100703354864
2021-11-01,84.0500030517578,0.00572729580185527,137.381501524195,0.0113945438499194
2021-11-02,83.9100036621094,-0.00166705663818334,137.152669571024,0.0114739126736274
2021-11-03,80.8600006103516,-0.0370255677644016,132.167375297497,0.0134136375413724
2021-11-04,78.8099975585938,-0.0256794103736997,128.816602101139,0.014276258799283
2021-11-05,81.2699966430664,0.0307370420719977,132.837522454525,0.0151438139406333
2021-11-08,81.9300003051758,0.00808832441938456,133.916312351251,0.0148523116039056
2021-11-09,84.1500015258789,0.026735710891101,137.544951137831,0.0154486413632999
2021-11-10,81.3399963378906,-0.0339630833128277,132.951938431111,0.0168335766206164
2021-11-11,81.5899963378906,0.00306880509958329,133.360568700403,0.0168336434856504
2021-11-12,80.7900009155273,-0.00985345373261293,132.052959320911,0.0169085831992362
2021-11-15,80.879997253418,0.00111333392968405,132.200060232062,0.0164557357268019
2021-11-16,80.7600021362305,-0.0014847208572597,132.003925683861,0.0162034031479738
2021-11-17,78.3600006103516,-0.0301682190308163,128.081072604575,0.0167832996514643
2021-11-18,79.0100021362305,0.00826085290670076,129.143513798816,0.0167271501144112
2021-11-19,76.0999984741211,-0.0375262089554429,124.38705147846,0.0178975248949668
2021-11-22,76.75,0.00850514165063831,125.449492672701,0.0177424708710431
2021-11-23,78.5,0.0225452383210563,128.309904557746,0.0182772389142435
2021-11-24,78.3899993896484,-0.00140226437382296,128.130106241625,0.0182750684893559
2021-11-26,68.1500015258789,-0.139985179881993,111.392613903131,0.0311551294464484
2021-11-29,69.9499969482422,0.0260694769512391,114.334744359791,0.0315398671742353
2021-11-30,66.1800003051758,-0.0554023503790209,108.172605385844,0.0327916670006734
2021-12-01,65.5699996948242,-0.00926003748343618,107.175546531138,0.0326918465360354
2021-12-02,66.5,0.0140836780404792,108.695651631721,0.0327596924924638
2021-12-03,66.2600021362305,-0.00361551854993714,108.303370064915,0.0327255604967549
2021-12-06,69.4899978637695,0.0475963974728115,113.582866160742,0.0340043470086892
2021-12-07,72.0500030517578,0.0361775382169585,117.76724859817,0.0348633911518492
2021-12-08,72.3600006103516,0.00429330416038454,118.273946141563,0.0347853606962367
2021-12-09,70.9400024414062,-0.0198191852014649,115.952929204881,0.0347198060367747
2021-12-10,71.6699981689453,0.0102377406968541,117.146122607786,0.0348115712013028
2021-12-13,71.2900009155273,-0.00531614648558154,116.525009087808,0.0347116982572688
2021-12-14,70.7300033569336,-0.0078862194626943,115.609681275124,0.0346515325018725
2021-12-15,70.870002746582,0.00197739306823852,115.838513228295,0.0346727270811511
2021-12-16,72.379997253418,0.0210827286115203,118.306631076127,0.0344809134981931
2021-12-17,70.8600006103516,-0.0212238721380862,115.82216452581,0.0343924288848745
2021-12-20,68.2300033569336,-0.0378217080232233,111.523378582202,0.0343136484326167
2021-12-21,71.120002746582,0.0414842297970424,116.247143497587,0.0353080489376678
2021-12-22,72.7600021362305,0.0227977531852472,118.927757066512,0.0351942229269842
2021-12-23,73.7900009155273,0.0140568504675977,120.61131178073,0.0349152622296229
2021-12-27,75.5699996948242,0.0238361415168331,123.520757302826,0.035249078268402
2021-12-28,75.9800033569336,0.00541081694697532,124.19091693026,0.0352502606966269
2021-12-29,76.5599975585938,0.00760452331461803,125.138929677509,0.0352902220961548
2021-12-30,76.9899978637695,0.00560080028719856,125.841774239508,0.0353163114209838
2021-12-31,75.2099990844727,-0.0233913268777357,122.932328717413,0.0351485096175707
2022-01-03,76.0800018310547,0.0115012536392607,124.354366543895,0.0351840798191449
2022-01-04,76.9899978637695,0.011890073238475,125.841774239508,0.0345792024684989
2022-01-05,77.8499984741211,0.0111083631366631,127.247463363505,0.0346035330923075
2022-01-06,79.4599990844727,0.020469860184825,129.87904329538,0.034559934603271
2022-01-07,78.9000015258789,-0.00707249167335711,128.963715482695,0.0345856558906336
2022-01-10,78.2300033569336,-0.00852799858316633,127.86858935389,0.0223860108989993
2022-01-11,81.2200012207031,0.0375082886796738,132.75580388291,0.0228568036271339
2022-01-12,82.6399993896484,0.0173322801379756,135.076820819592,0.0198970364924042
2022-01-13,82.120002746582,-0.00631219182902587,134.226875346443,0.0198190301876482
2022-01-14,83.8199996948242,0.0204900132593897,137.005556189468,0.0199266113019473
2022-01-18,85.4300003051758,0.0190256918796807,139.637136121342,0.0199114065377938
2022-01-19,86.9599990844727,0.0177509015490518,142.137951374145,0.0185909221978622
2022-01-20,86.9000015258789,-0.000690182454444077,142.039884100045,0.0178312143962895
2022-01-21,85.1399993896484,-0.0204610965991607,139.163123512514,0.0184854772072834
2022-01-24,83.3099975585938,-0.0217283925494689,136.171946948398,0.0185784227041561
2022-01-25,85.5999984741211,0.0271167046402709,139.915001711563,0.0189824921976465
2022-01-26,87.3499984741211,0.0202377537894947,142.775413596609,0.0190341557180493
2022-01-27,86.6100006103516,-0.00850772972142355,141.565871491217,0.0190509910932148
2022-01-28,86.8199996948242,0.0024217169663272,141.909119420974,0.01904732393001
2022-01-31,88.1500015258789,0.0152029197974999,144.083035446506,0.0189247878266005
2022-02-01,88.1999969482422,0.000567002258409666,144.164754018121,0.0182265194866443
2022-02-02,88.2600021362305,0.000680099632919706,144.262833762627,0.0161807362169809
2022-02-03,90.2699966430664,0.022518114077128,147.548212149044,0.0151910432640326
2022-02-04,92.3099975585938,0.0223473094317894,150.882636642917,0.0151760747985426
2022-02-07,91.3199996948242,-0.0107826332343874,149.264464268233,0.0155044869477524
2022-02-08,89.3600006103516,-0.0216966567285652,146.060804453431,0.0160298971319333
2022-02-09,89.6600036621094,0.00335161798049732,146.551165764745,0.0160350860222987
2022-02-10,89.879997253418,0.00245063718710803,146.91074992658,0.0160395741814467
2022-02-11,93.0999984741211,0.035198751134538,152.173909790329,0.016940718084062
2022-02-14,95.4599990844727,0.0250331340937162,156.03138053008,0.0163059298930723
2022-02-15,92.0699996948242,-0.0361581480019124,150.49035507611,0.0181636015480614
2022-02-16,93.6600036621094,0.0171220888702832,153.08925007342,0.0182434846685394
2022-02-17,91.7600021362305,-0.0204947467536876,149.983657532718,0.0188718021552337
2022-02-18,91.0699996948242,-0.00754805787301915,148.855833998941,0.0187975203646071
2022-02-22,92.3499984741211,0.0139572518937428,150.948018982452,0.0187413469304323
2022-02-23,92.0999984741211,-0.00271076342883791,150.53938871316,0.0186236353526305
2022-02-24,92.8099975585938,0.00767943960824979,151.699897181501,0.0176218696450819
2022-02-25,91.5899963378906,-0.0132323108707091,149.70577947209,0.017734372622173
2022-02-28,95.7200012207031,0.0441052203618559,156.456359501857,0.019114721835988
2022-03-01,103.410003662109,0.077274428817347,169.025830575814,0.0230888004897464
2022-03-02,110.599998474121,0.0672183706814868,180.778028640782,0.0255044343877054
2022-03-03,107.669998168945,-0.0268490984704108,175.988881385861,0.0262422833145639
2022-03-04,115.680000305176,0.0717567842271105,189.081398705697,0.0287155602103618
2022-03-07,119.400001525879,0.0316514526894984,195.161819108029,0.0284130238528801
2022-03-08,123.699996948242,0.0353800409897458,202.190252257611,0.028036351004137
2022-03-09,108.699996948242,-0.129267488675691,177.67243610008,0.0380905398395449
2022-03-10,106.019996643066,-0.0249640421556681,173.291919114451,0.038480290985822
2022-03-11,109.330001831055,0.0307431242979135,178.702192359757,0.0386209623588126
2022-03-14,103.01000213623,-0.0595447565606726,168.372019650865,0.0405266468728896
2022-03-15,96.4400024414062,-0.0659050130054295,157.633216672683,0.0425268654460695
2022-03-16,95.0400009155273,-0.0146232133808484,155.344884670566,0.0426470440625379
2022-03-17,102.980003356934,0.0802369619685086,168.322986013817,0.0449423871033442
2022-03-18,104.699996948242,0.0165642615129329,171.134351791405,0.0448761048699635
2022-03-21,112.120002746582,0.068470662064545,183.262507661506,0.046261627974981
2022-03-22,111.76000213623,-0.00321601673024663,182.674079076092,0.0461848256598138
2022-03-23,114.930000305176,0.0279695159728401,187.85550789782,0.0460204773011125
2022-03-24,112.339996337891,-0.0227932955301444,183.622091823342,0.0463654099719294
2022-03-25,113.900001525879,0.0137909293439478,186.171953183601,0.04636890942562
2022-03-28,105.959999084473,-0.0722592280862298,173.193851840352,0.0482973772458385
2022-03-29,104.23999786377,-0.0163657434403524,170.382473592357,0.0482763644083201
2022-03-30,107.819999694824,0.0337672548698924,176.234062041517,0.0480112299918685
2022-03-31,100.279998779297,-0.0724969060759548,163.909771623217,0.049995054106946
2022-04-01,99.2699966430664,-0.0101228843317109,162.258901843562,0.0498678553119503
2022-04-04,103.279998779297,0.0396003579335957,168.813334854723,0.0502775520472296
2022-04-05,101.959999084473,-0.0128631641903931,166.655767531677,0.0503363769484859
2022-04-06,96.2300033569336,-0.0578393762758491,157.289968742927,0.05155490687313
2022-04-07,96.0299987792969,-0.00208056431459269,156.963057045249,0.0515451145840707
2022-04-08,98.2600021362305,0.022956418542897,160.608044534315,0.051620642454189
2022-04-11,94.2900009155273,-0.0412418992938113,154.118993862689,0.051591504091873
2022-04-12,100.599998474121,0.0647770933105729,164.432817869094,0.0509887760231622
2022-04-13,104.25,0.0356396181810554,170.398822294841,0.0498468125983362
2022-04-14,106.949996948242,0.0255695463150669,174.812024215034,0.0498634003887317
2022-04-18,108.209999084473,0.0117123681289293,176.871524263982,0.0480464968255657
2022-04-19,102.559997558594,-0.0536258057552077,167.636477683897,0.0484936927846999
2022-04-20,102.75,0.00185088400864508,167.947040679088,0.0479122336927226
2022-04-21,103.790000915527,0.0100707824218089,169.646944095792,0.0419522545759853
2022-04-22,102.069999694824,-0.0167107863726157,166.835565847797,0.0418202091470149
2022-04-25,98.5400009155273,-0.0351962830188004,161.065708440657,0.0418127032174347
2022-04-26,101.699996948242,0.0315647066403235,166.230788559898,0.0408976655632207
2022-04-27,102.019996643066,0.00314156654305364,166.753834805776,0.0389837946347804
2022-04-28,105.360000610352,0.0322142236379257,172.213141688132,0.03923734615575
2022-04-29,104.690002441406,-0.00637943757644077,171.118015559325,0.0364811787636552
2022-05-02,105.169998168945,0.00457444546990704,171.902578692939,0.0363651683045663
2022-05-03,102.410003662109,-0.0265936712748696,167.391309498645,0.0342890730959754
2022-05-04,107.809997558594,0.0513859960589391,176.217713339033,0.0356984578113014
2022-05-05,108.26000213623,0.00416536519565902,176.953255306001,0.0352899721109899
2022-05-06,109.769996643066,0.0138514760164652,179.421373153834,0.0351792010938525
2022-05-09,103.089996337891,-0.0627848795328241,168.502771859531,0.036825709828659
2022-05-10,99.7600021362305,-0.0328350347993975,163.059826150068,0.0349358411736736
2022-05-11,105.709999084473,0.0579321643343516,172.78522157106,0.0364823143796464
2022-05-12,106.129997253418,0.00396524477448867,173.471717430573,0.035946095304714
2022-05-13,110.48999786377,0.0402602678966169,180.598230324662,0.0340038396214087
2022-05-16,114.199996948242,0.0330262707080493,186.662302024508,0.0343304729258801
2022-05-17,112.400001525879,-0.0158873194639586,183.720171567848,0.0338753969490014
2022-05-18,109.589996337891,-0.0253178549761781,179.127158861128,0.0341494466156689
2022-05-19,112.209999084473,0.0236260114588767,183.409608572657,0.032387203859975
2022-05-20,113.230003356934,0.00904907045526038,185.076827054796,0.0323656031839998
2022-05-23,110.290000915527,-0.0263079093538412,180.271331097389,0.0326970244353224
2022-05-24,109.769996643066,-0.00472603150144391,179.421373153834,0.0316225574133713
2022-05-25,110.330001831055,0.00508865425068095,180.336713436925,0.0295457299124282
2022-05-26,114.089996337891,0.0335116871414742,186.482503708388,0.0294673118745146
2022-05-27,115.069999694824,0.00855305767342163,188.084339850991,0.0291803982577842
2022-05-31,114.669998168945,-0.00348221410110305,187.430528926042,0.0291457411312393
2022-06-01,115.26000213623,0.0051320424603567,188.394902846182,0.0271922552849354
2022-06-02,116.870002746582,0.0138717649037075,191.026482778057,0.0272496570930484
2022-06-03,118.870002746582,0.0169682526520578,194.295524932395,0.0273290777347014
2022-06-06,118.5,-0.00311752152310962,193.690747644496,0.0270764226752449
2022-06-07,119.410003662109,0.00765001963846768,195.178167810514,0.0259927481714131
2022-06-08,122.110000610352,0.0223593026296554,199.591369730708,0.0257385660066274
2022-06-09,121.51000213623,-0.00492570134209558,198.610659578487,0.0258125387586492
2022-06-10,120.669998168945,-0.00693704958977381,197.237655389054,0.0254191857917598
2022-06-13,120.930000305176,0.00215233640931967,197.662634360833,0.0253406130400223
2022-06-14,118.930000305176,-0.0166767810155921,194.393592206495,0.0256425668886962
2022-06-15,115.309997558594,-0.0309109546946864,188.476621417798,0.0258321689889088
2022-06-16,117.589996337891,0.0195798340818119,192.203327478478,0.024433174806765
2022-06-17,109.559997558594,-0.0707316445811506,179.078125224078,0.0278819076375984
2022-06-21,110.650001525879,0.00989975817605693,180.859759682803,0.0278254339009793
2022-06-22,106.190002441406,-0.0411421148805236,173.569797175078,0.0263772278481344
2022-06-23,104.269996643066,-0.0182463087998039,170.431507229405,0.0258616111185598
2022-06-24,107.620002746582,0.0316228729755128,175.907162814246,0.0242787093647384
2022-06-27,109.569999694824,0.017957082049703,179.094473926563,0.0244792104206708
2022-06-28,111.76000213623,0.0197901224310604,182.674079076092,0.0236191363107266
2022-06-29,109.779998779297,-0.0178753820609439,179.43772185632,0.0230136810519255
2022-06-30,105.76000213623,-0.0373059556999813,172.866952613079,0.0238001214795034
2022-07-01,108.430000305176,0.0249324099963655,177.231120896223,0.0238727785568449
2022-07-05,99.5,-0.0859471621340413,162.63484717829,0.0280874009762525
2022-07-06,98.5299987792969,-0.00979658621931545,161.049359738171,0.0279959201545982
2022-07-07,102.730003356934,0.0417431619601913,167.914355744524,0.0289209831288702
2022-07-08,104.790000915527,0.0198541363182061,171.281465172961,0.0291986935888273
2022-07-11,104.089996337891,-0.00670248187839295,170.1372929367,0.0291856397097443
2022-07-12,95.8399963378906,-0.0825757781887546,156.652494050057,0.0318932416869408
2022-07-13,96.3000030517578,0.00478825433771046,157.404384719512,0.0318421420647676
2022-07-14,95.7799987792969,-0.00541446832459247,156.554426775957,0.0318389621414799
2022-07-15,97.5899963378906,0.018721109458312,159.512905935103,0.032098407613748
2022-07-18,102.599998474121,0.0500629262366425,167.701860023432,0.0335027811680974
2022-07-19,104.220001220703,0.0156661433292662,170.349788657791,0.0334750548128831
2022-07-20,102.26000213623,-0.018985450651785,167.146128842989,0.0335795494562477
2022-07-21,96.3499984741211,-0.059531231518493,157.486103291127,0.0349259593016191
2022-07-22,94.6999969482422,-0.0172734110570412,154.789141019718,0.0345183522996133
2022-07-25,96.6999969482422,0.0208994029337219,158.058183174055,0.0349294549041534
2022-07-26,94.9800033569336,-0.0179469924356637,155.246817396466,0.0349799137551354
2022-07-27,97.2600021362305,0.023721448475202,158.973523457146,0.0354143146683234
2022-07-28,96.4199981689453,-0.00867419695268801,157.600519267713,0.0353710572907976
2022-07-29,98.620002746582,0.0225604786590585,161.196473119728,0.0354713990329563
2022-08-01,93.8899993896484,-0.0491502308763847,153.465182937741,0.0360301130805443
2022-08-02,94.4199981689453,0.00562901795573634,154.331477113375,0.0340522293203047
2022-08-03,90.6600036621094,-0.0406366098188977,148.185686841913,0.0345384463677461
2022-08-04,88.5400009155273,-0.0236618482623232,144.720497668969,0.0340807616529335
2022-08-05,89.0100021362305,0.00529430932647124,145.488724570504,0.0340614834142998
2022-08-08,90.7600021362305,0.0194699364780435,148.349136455549,0.0336776314117064
2022-08-09,90.5,-0.00286883274289629,147.924157483771,0.0333869959531859
2022-08-10,91.9300003051758,0.0156775704894363,150.261523122939,0.0332841485851672
2022-08-11,94.3399963378906,0.0258778178425931,154.200712434304,0.0337246794080568
2022-08-12,92.0899963378906,-0.0241389190712704,150.523040010675,0.0333743094143128
2022-08-15,89.4100036621094,-0.0295337462608032,146.142535495452,0.0331925728603503
2022-08-16,86.5299987792969,-0.0327414131944712,141.435106812146,0.030072046289818
2022-08-17,88.1100006103516,0.0180948802944281,144.017653106971,0.0303376014203646
2022-08-18,90.5,0.0267638099000873,147.924157483771,0.0296795768433434
2022-08-19,90.7699966430664,0.00297894684980093,148.365472687628,0.029365729436459
2022-08-22,90.2300033569336,-0.00596679434508829,147.482842279914,0.0293643823990554
2022-08-23,93.7399978637695,0.0381629664950767,153.220002282084,0.0264625010009586
2022-08-24,94.8899993896484,0.012193349847796,155.099704014909,0.026550222259583
2022-08-25,92.5199966430664,-0.025293518473557,151.225884572673,0.0269227759241215
2022-08-26,93.0599975585938,0.00581961910183892,152.108527450793,0.0266964386978739
2022-08-29,97.0100021362305,0.0415696678121691,158.564893187854,0.0261696842844748
2022-08-30,91.6399993896484,-0.0569462370689413,149.787510514111,0.0277992875484189
2022-08-31,89.5500030517578,-0.0230706883394411,146.371367448623,0.0278836438955678
2022-09-01,86.6100006103516,-0.0333818731954549,141.565871491217,0.0264747057707854
2022-09-02,86.870002746582,0.00299749049890075,141.990850462995,0.0263709148720167
2022-09-06,86.879997253418,0.000115044683131948,142.007186695074,0.0259950770788734
2022-09-07,81.9400024414062,-0.0585405226583404,133.932661053737,0.0277654887991626
2022-09-08,83.5400009155273,0.0193382681144065,136.547892283125,0.0276207169651929
2022-09-09,86.7900009155273,0.0381658481767397,141.860085783924,0.0287121947196181
2022-09-12,87.7799987792969,0.0113422521487774,143.478258158607,0.0284326769284037
2022-09-13,87.3099975585938,-0.00536869449348298,142.710031257073,0.027122418988767
2022-09-14,88.4800033569336,0.0133115998538385,144.622430394869,0.0272370830201416
2022-09-15,85.0999984741211,-0.0389495580651449,139.097741172979,0.0271565379761725
2022-09-16,85.1100006103516,0.000117527011290086,139.114089875464,0.0268510984607147
2022-09-19,85.7300033569336,0.0072583171875138,140.127497432655,0.0268701611394527
2022-09-20,84.4499969482422,-0.0150432547307613,138.035299978738,0.026690621119659
2022-09-21,82.9400024414062,-0.0180421228629024,135.567182130905,0.0268431013229792
2022-09-22,83.4899978637695,0.00660935436519949,136.466161241105,0.0266771442302635
2022-09-23,78.7399978637695,-0.0585755802338364,128.702186124553,0.0279284355589741
2022-09-26,76.7099990844727,-0.0261191923491193,125.384110333166,0.0279750252724488
2022-09-27,78.5,0.0230665587520731,128.309904557746,0.0281031649495396
2022-09-28,82.1500015258789,0.0454482382692154,134.275908983494,0.0289898586527485
2022-09-29,81.2300033569336,-0.0112621846684382,132.772152585396,0.0287923405148438
2022-09-30,79.4899978637695,-0.0216534776783242,129.92807693243,0.0284380583093044
2022-10-03,83.629997253418,0.0507710738405516,136.694993194276,0.030148463237814
2022-10-04,86.5199966430664,0.0339732877339793,141.418758109661,0.0308737790072605
2022-10-05,87.7600021362305,0.0142302780233603,143.445573224043,0.0301161676877903
2022-10-06,88.4499969482422,0.00783154579445444,144.573384287413,0.0300547637277836
2022-10-07,92.6399993896484,0.0462836211330995,151.42203159128,0.0309963169945371
2022-10-10,91.129997253418,-0.01643397886739,148.953901273041,0.0311193484775965
2022-10-11,89.3499984741211,-0.0197258038409824,146.044455750946,0.0302485076974165
2022-10-12,87.2699966430664,-0.0235545018187358,142.644648917538,0.0287630464646558
2022-10-13,89.1100006103516,0.0208648457648932,145.652174184139,0.0287521688277518
2022-10-14,85.6100006103516,-0.0400694625902096,139.931350414049,0.0290430445780157
2022-10-17,85.4599990844727,-0.00175368638089157,139.686169758392,0.0290369053541119
2022-10-18,82.8199996948242,-0.0313788450703321,135.371035112299,0.0295765006474535
2022-10-19,85.5500030517578,0.0324314615778016,139.833283139948,0.0281666876492805
2022-10-20,85.9800033569336,0.00501371410091167,140.536127701947,0.0279735144370585
2022-10-21,85.0500030517578,-0.0108753953875302,139.016022601364,0.0271449530080418
2022-10-24,84.5800018310547,-0.0055415010306632,138.24779569983,0.0270621060063877
2022-10-25,85.3199996948242,0.00871103633317905,139.457337805221,0.0271100430958653
2022-10-26,87.9100036621094,0.0299047154942578,143.690753879699,0.027572536989404
2022-10-27,89.0800018310547,0.0132212574237682,145.603140547089,0.0266759511705353
2022-10-28,87.9000015258789,-0.0133350408939474,143.674405177214,0.0268131172208314
2022-10-31,86.5299987792969,-0.0157086615390254,141.435106812146,0.0269579734378367
2022-11-01,88.370002746582,0.0210414160990275,144.442632078748,0.0270541803177639
2022-11-02,90,0.0182770937198722,147.106896945187,0.0269614253400119
2022-11-03,88.1699981689453,-0.0205429219986506,144.115720381071,0.0272803223875682
2022-11-04,92.6100006103516,0.0491303854411216,151.37299795423,0.0261208437008989
2022-11-07,91.7900009155273,-0.00889376456758573,150.032691169768,0.0255878036322394
2022-11-08,88.9100036621094,-0.0318787058831553,145.325274956868,0.0262798563975521
2022-11-09,85.8300018310547,-0.035256046258362,140.290947046291,0.0260361954666538
2022-11-10,86.4700012207031,0.00742893002577638,141.337039538046,0.0259447174437286
2022-11-11,88.9599990844727,0.0283892731214141,145.406993528483,0.0259746361533571
2022-11-14,85.870002746582,-0.035352263541081,140.356329385826,0.0253505451021691
2022-11-15,86.9199981689453,0.0121535776525095,142.07256903461,0.0246723066865887
2022-11-16,85.5899963378906,-0.015419723215385,139.898653009078,0.0246828429056777
2022-11-17,81.6399993896484,-0.0472490806413575,133.442299742424,0.0260279121589523
2022-11-18,80.0800018310547,-0.0192931725932262,130.89245085257,0.0244826216877003
2022-11-21,79.7300033569336,-0.00438018925411043,130.320370969643,0.0243847817028732
2022-11-22,80.9499969482422,0.0151856738061769,132.314476208647,0.024463780792762
2022-11-23,77.9400024414062,-0.0378923111896121,127.394576745062,0.0250073160007123
2022-11-25,76.2799987792969,-0.0215285665054443,124.681265771167,0.0247639102375436
2022-11-28,77.2399978637695,0.0125066651739703,126.2504045088,0.0240601983996061
2022-11-29,78.1999969482422,0.0123521786229652,127.819543246433,0.024231300272326
2022-11-30,80.5500030517578,0.0296085389832568,131.660677754105,0.0243229225398099
2022-12-01,81.2200012207031,0.00828338977825371,132.75580388291,0.0235688052460238
2022-12-02,79.9800033569336,-0.0153848918969048,130.729001238935,0.0236615674234156
2022-12-05,76.9300003051758,-0.0388807239530626,125.743706965408,0.0245430373428493
2022-12-06,74.25,-0.0354581437549628,121.363189979779,0.0252334402804911
2022-12-07,72.0100021362305,-0.0306327497562862,117.701866258635,0.0255520378603499
2022-12-08,71.4599990844727,-0.00766718814300393,116.80287467803,0.0246540957604944
2022-12-09,71.0199966430664,-0.00617635953601869,116.083681413545,0.0243606507212
2022-12-12,73.1699981689453,0.0298239956237731,119.597904223539,0.0252649871634104
2022-12-13,75.3899993896484,0.0298891562564148,123.226543010119,0.0260279126641838
2022-12-14,77.2799987792969,0.0247605419807266,126.315786848336,0.026162731814748
2022-12-15,76.1100006103516,-0.0152555038097795,124.403400180946,0.0258720918744592
2022-12-16,74.2900009155273,-0.0242033048112251,121.428572319315,0.025953555805096
2022-12-19,75.1900024414062,0.0120419103723508,122.899643782848,0.0240659002580877
2022-12-20,76.0899963378906,0.0118985262000137,124.370702775975,0.0243060722187155
2022-12-21,78.2900009155273,0.0285030905540999,127.96665662799,0.0246090342392304
2022-12-22,77.4899978637695,-0.0102710244058377,126.659034778092,0.023936777444579
2022-12-23,79.5599975585938,0.0263625550913815,130.042492909015,0.024475872743035
2022-12-27,79.5299987792969,-0.000377129679338672,129.993459271965,0.0237660052092547
2022-12-28,78.9599990844727,-0.00719291008967726,129.061782756795,0.0230185427476449
2022-12-29,78.4000015258789,-0.00711743671129916,128.146454944111,0.022855267972931
2022-12-30,80.2600021362305,0.0234474446360453,131.186665145277,0.0232508864051603
2023-01-03,76.9300003051758,-0.0423754700173768,125.743706965408,0.0229398099364841
2023-01-04,72.8399963378906,-0.054630716854442,119.058509275176,0.0246992137774247
2023-01-05,73.6699981689453,0.011330431256571,120.415164762124,0.0248385816838444
2023-01-06,73.7699966430664,0.00135646355090557,120.578614375759,0.0246238454793787
2023-01-09,74.629997253418,0.0115904349498361,121.984303499757,0.0238580339530644
2023-01-10,75.120002746582,0.00654433712195779,122.785227806262,0.0235922734192046
2023-01-11,77.4100036621094,0.0300291470619838,126.528282569427,0.0241362974982303
2023-01-12,78.3899993896484,0.0125803418899562,128.130106241625,0.0241403356534272
2023-01-13,79.8600006103516,0.0185787488633053,130.532854220328,0.0237560532507659
2023-01-17,80.1800003051758,0.003999001742649,131.055900466206,0.0237155996005274
2023-01-18,79.4800033569336,-0.00876865110067371,129.91174070035,0.0236022207296011
2023-01-19,80.3300018310547,0.0106377130600581,131.301081121863,0.0225107613257168
2023-01-20,81.3099975585938,0.0121258072139634,132.902904794061,0.0214736294126147
2023-01-23,81.620002746582,0.00380538343466252,133.409614807859,0.0205110833447014
2023-01-24,80.129997253418,-0.0184240821151018,130.974169424185,0.0208169937146838
2023-01-25,80.1500015258789,0.000249616579949041,131.006866829156,0.02074354997122
2023-01-26,81.0100021362305,0.0106727321190077,132.412555953154,0.0202102484502214
2023-01-27,79.6800003051758,-0.0165540131059991,130.238639927622,0.0198868345136407
2023-01-30,77.9000015258789,-0.0225926446419962,127.329194405526,0.0198845050592773
2023-01-31,78.870002746582,0.0123749897697012,128.914681845645,0.0197803936580345
2023-02-01,76.4100036621094,-0.0316873366474955,124.893761492259,0.0201553007196386
2023-02-02,75.879997253418,-0.00696051671614661,124.027454846218,0.0200928003298872
2023-02-03,73.3899993896484,-0.0333654306300026,119.957500855782,0.0208763570412267
2023-02-06,74.1100006103516,0.0097628059585988,121.134358026608,0.0202270626262143
2023-02-07,77.1399993896484,0.0400714606688037,126.086954895164,0.0215476919275026
2023-02-08,78.4700012207031,0.017094456827861,128.260870920696,0.0212183749405625
2023-02-09,78.0599975585938,-0.00523867121923693,127.590711293262,0.0212362785261252
2023-02-10,79.7200012207031,0.0210427801805286,130.304022267157,0.0215582694548619
2023-02-13,80.1399993896484,0.00525458693495562,130.990518126671,0.0215294186396068
2023-02-14,79.0599975585938,-0.0135680706038155,129.225232370431,0.0212414423227377
2023-02-15,78.5899963378906,-0.00596260870768539,128.457005468897,0.0197545386217674
2023-02-16,78.4899978637695,-0.00127321735830321,128.293555855261,0.0167777326033422
2023-02-17,76.3399963378906,-0.0277742015760882,124.779333045267,0.0175676906831375
2023-02-21,76.1600036621094,-0.0023605607785111,124.485131222966,0.0175795558271627
2023-02-22,73.9499969482422,-0.0294472906785748,120.872828668466,0.0183134411495019
2023-02-23,75.3899993896484,0.0192854842387344,123.226543010119,0.0186228881958264
2023-02-24,76.3199996948242,0.012260391013708,124.746648110702,0.0179076560448796
2023-02-27,75.6800003051758,-0.00842109436532379,123.700555618947,0.0177898976288203
2023-02-28,77.0500030517578,0.0179406725975504,125.939853984014,0.0177658340441551
2023-03-01,77.6900024414062,0.0082719790136796,126.98594647577,0.0178259303034915
2023-03-02,78.1600036621094,0.00603147420123396,127.754173377304,0.0178097852672832
2023-03-03,79.6800003051758,0.0192605625178244,130.238639927622,0.0180644653298971
2023-03-06,80.4599990844727,0.00974153803661792,131.513564372548,0.0180132171635594
2023-03-07,77.5800018310547,-0.0364504695290089,126.806148159649,0.0191561091359878
2023-03-08,76.6600036621094,-0.0119295778907631,125.302391761551,0.0189965337141367
2023-03-09,75.7200012207031,-0.0123377652608072,123.765937958482,0.019095863004863
2023-03-10,76.6800003051758,0.012598579694906,125.335076696115,0.0191427494469825
2023-03-13,74.8000030517578,-0.0248229963779734,122.262181560384,0.0194195826098032
2023-03-14,71.3300018310547,-0.0475009038191949,116.590391427344,0.0208084574035895
2023-03-15,67.6100006103516,-0.0535611118300166,110.509971025011,0.0225451228643078
2023-03-16,68.3499984741211,0.0108856307153475,111.719513130402,0.0221526048256912
2023-03-17,66.7399978637695,-0.0238370995304891,109.087933198528,0.0224501331008881
2023-03-20,67.6399993896484,0.0133950736918704,110.559004662061,0.021979337411739
2023-03-21,69.3300018310547,0.0246782243582615,113.321349273006,0.0224353951766254
2023-03-22,70.9000015258789,0.0223927156945347,115.887546865345,0.0214988180939091
2023-03-23,69.9599990844727,-0.0133468179956839,114.351093062277,0.0212437575420748
2023-03-24,69.2600021362305,-0.0100560672460466,113.206933296421,0.0212729877465671
2023-03-27,72.8099975585938,0.0499857050575105,119.009475638126,0.0230309390340814
2023-03-28,73.1999969482422,0.00534210440115945,119.64693786059,0.0230320290996781
2023-03-29,72.9700012207031,-0.00314696477022114,119.271004996268,0.0229458709556814
2023-03-30,74.370002746582,0.0190042571401605,121.559336998386,0.0232728407536963
2023-03-31,75.6699981689453,0.0173290848620109,123.684206916461,0.0235347987890374
2023-04-03,80.4199981689453,0.0608811221919439,131.448182033013,0.0255640406266391
2023-04-04,80.7099990844727,0.00359959329238357,131.922194641841,0.0255542679393706
2023-04-05,80.6100006103516,-0.00123975312569247,131.758745028205,0.0248695572617595
2023-04-06,80.6999969482422,0.00111581859265009,131.905845939355,0.0246766102718663
2023-04-10,79.7399978637695,-0.0119672222965601,130.336707201722,0.0247347195041301
2023-04-11,81.5299987792969,0.0221997205391178,133.262501426303,0.0249437681656461
2023-04-12,83.2600021362305,0.020997231721795,136.090228376783,0.0250152284357186
2023-04-13,82.1600036621094,-0.0132996572309718,134.292257685979,0.0251557254241873
2023-04-14,82.5199966430664,0.004372037329607,134.880673800986,0.0251480705937362
2023-04-17,80.8300018310547,-0.0206924411238987,132.118341660447,0.0252497329857834
2023-04-18,80.8600006103516,0.000371065361966849,132.167375297497,0.0251890687810609
2023-04-19,79.1600036621094,-0.0212481047643927,129.388694454473,0.0245724136556381
2023-04-20,77.2900009155273,-0.0239065740323516,126.332135550821,0.0248795913991412
2023-04-21,77.870002746582,0.00747621189613756,127.280160768476,0.0247961368423817
2023-04-24,78.7600021362305,0.0113644760339469,128.734883529524,0.0247771331860623
2023-04-25,77.0699996948242,-0.0216911850640367,125.972538918579,0.024671423435823
2023-04-26,74.3000030517578,-0.036603103033011,121.4449210218,0.0240039273235788
2023-04-27,74.7600021362305,0.00617201836470471,122.196799220849,0.0216535283359152
2023-04-28,76.7799987792969,0.0266611625120659,125.498526309751,0.0220310782661377
2023-05-01,75.6600036621094,-0.0146945060668715,123.667870684382,0.0216951700160971
2023-05-02,71.6600036621094,-0.0543169046263072,117.129786375707,0.0240932639632588
2023-05-03,68.5999984741211,-0.0436402504920546,112.128143399695,0.0250770548732385
2023-05-04,68.5599975585938,-0.000583273808957507,112.062761060159,0.0247065522306234
2023-05-05,71.3399963378906,0.0397478899178108,116.606727659423,0.0256828010150403
2023-05-08,73.1600036621094,0.0251917449812744,119.58156799146,0.025980607378623
2023-05-09,73.7099990844727,0.00748958920169684,120.480547101659,0.0243730293628955
2023-05-10,72.5599975585938,-0.015724690620373,118.600845368834,0.0245289978796126
2023-05-11,70.870002746582,-0.0235665205827802,115.838513228295,0.0248915612582904
2023-05-12,70.0400009155273,-0.0117807310882343,114.481857741347,0.0246731793906806
2023-05-15,71.1100006103516,0.0151614619894866,116.230794795102,0.0246177363127445
2023-05-16,70.8600006103516,-0.00352187442781826,115.82216452581,0.021556445846278
2023-05-17,72.8300018310547,0.0274218753205018,119.042173043097,0.0222809701112876
2023-05-18,71.8600006103516,-0.01340819319232,117.456685602978,0.0223504786431914
2023-05-19,71.5500030517578,-0.00432324152443364,116.949988059586,0.0223310267866299
2023-05-22,71.9899978637695,0.00613064215266146,117.669168853664,0.0223531345511002
2023-05-23,72.9100036621094,0.0126986632389237,119.172937722168,0.0220429625470225
2023-05-24,74.3399963378906,0.0194232615613323,121.510290890929,0.0219838851135071
2023-05-25,71.8300018310547,-0.0343468740292634,117.407651965928,0.0226247515620391
2023-05-26,72.6699981689453,0.011626377853486,118.780643684955,0.0227609681858552
2023-05-30,69.4599990844727,-0.0451775852964129,113.533832523692,0.0237872402082951
2023-05-31,68.0899963378906,-0.019920728423779,111.294534158625,0.0239158330444893
2023-06-01,70.0999984741211,0.0290924665618624,114.579925015448,0.0245471595170979
2023-06-02,71.7399978637695,0.0231256700533686,117.260538584372,0.0247365282195183
2023-06-05,72.1500015258789,0.00569886404184317,117.930698211806,0.0247139689820115
2023-06-06,71.7399978637695,-0.00569886404184317,117.260538584372,0.0245788386544701
2023-06-07,72.5299987792969,0.0109518102182617,118.551811731784,0.024450187856793
2023-06-08,71.2900009155273,-0.0172441745731673,116.525009087808,0.0237515720220312
2023-06-09,70.1699981689453,-0.0158352348021884,114.694340992033,0.0238499772554496
2023-06-12,67.120002746582,-0.0444387400902242,109.709059188912,0.0244180277300885
2023-06-13,69.4199981689453,0.033692880977747,113.468450184157,0.0253022764170346
2023-06-14,68.2699966430664,-0.0167046017984109,111.588748451331,0.0235352583026461
2023-06-15,70.620002746582,0.0338430471338924,115.429882959003,0.023010070098104
2023-06-16,71.7799987792969,0.0162924393206385,117.325920923907,0.0231765316209532
2023-06-20,70.5,-0.0179931588950648,115.233735940396,0.0222732221178691
2023-06-21,72.5299987792969,0.0283875427267777,118.551811731784,0.0224070554639645
2023-06-22,69.5100021362305,-0.0425295946998991,113.615563565713,0.0236356271785989
2023-06-23,69.1600036621094,-0.00504794407874964,113.043483682785,0.0235011504665573
2023-06-26,69.370002746582,0.0030318232240818,113.386731612542,0.023142844006274
2023-06-27,67.6999969482422,-0.0243684021498689,110.657071936161,0.0234623286354321
2023-06-28,69.5599975585938,0.0271035195476701,113.697282137328,0.0238464739078191
2023-06-29,69.8600006103516,0.00430359372723288,114.187643448641,0.0238577310687046
2023-06-30,70.6399993896484,0.0111032995399256,115.462567893567,0.0233810517613848
2023-07-03,69.7900009155273,-0.0121058015080164,114.073227472055,0.0233584504631322
2023-07-05,71.7900009155273,0.0282544571938672,117.342269626393,0.0239472315617719
2023-07-06,71.8000030517578,0.000139315216523883,117.358618328878,0.0239202718187708
2023-07-07,73.8600006103516,0.0282868991302774,120.725727757316,0.0243726400191605
2023-07-10,72.9899978637695,-0.0118490014919459,119.303689930833,0.0242005046022982
2023-07-11,74.8300018310547,0.0248964823656941,122.311215197435,0.023765945777442
2023-07-12,75.75,0.0122195458276853,123.814971595532,0.0237750231604554
2023-07-13,76.8899993896484,0.0149373767166265,125.678324625872,0.0221962977238988
2023-07-14,75.4199981689453,-0.0193033535540001,123.275576647169,0.022174217688844
2023-07-17,74.1500015258789,-0.0169823783898915,121.199740366144,0.021928175291969
2023-07-18,75.75,0.0213483552272651,123.814971595532,0.0218711010489069
2023-07-19,75.3499984741211,-0.00529453956752413,123.161160670584,0.0218958313266647
2023-07-20,75.629997253418,0.00370908872994402,123.618824576926,0.0218573014817299
2023-07-21,77.0699996948242,0.0188611022782812,125.972538918579,0.0220190966553798
2023-07-24,78.7399978637695,0.0214371625552294,128.702186124553,0.0219844202297635
2023-07-25,79.629997253418,0.011239613392144,130.156908885601,0.0217254493164674
2023-07-26,78.7799987792969,-0.0107317297298826,128.767568464089,0.0199189396140005
2023-07-27,80.0899963378906,0.0164918145629924,130.90878708465,0.0193129835967781
2023-07-28,80.5800018310547,0.00609954587597628,131.709711391155,0.0188827709718496
2023-07-31,81.8000030517578,0.0150267784296139,133.703829100566,0.0182102852698034
2023-08-01,81.370002746582,-0.00527059245345463,133.000984538567,0.018170573691221
2023-08-02,79.4899978637695,-0.0233754877519825,129.92807693243,0.0184218884753841
2023-08-03,81.5500030517578,0.0255851657781285,133.295198831273,0.0183006708881629
2023-08-04,82.8199996948242,0.0154532079436684,135.371035112299,0.0161644450228272
2023-08-07,81.9400024414062,-0.0106822725188414,133.932661053737,0.0163272236922326
2023-08-08,82.9199981689453,0.0118889635716224,135.534484725935,0.0163582579440423
2023-08-09,84.4000015258789,0.017691154195651,137.953581407123,0.0154474495985153
2023-08-10,82.8199996948242,-0.0188978452484321,135.371035112299,0.0157000331713883
2023-08-11,83.1900024414062,0.00445760321053434,135.975812400198,0.0156995467595373
2023-08-14,82.5100021362305,-0.00820765363633136,134.864337568907,0.0158704587292774
2023-08-15,80.9899978637695,-0.0185938601223903,132.379858548183,0.0161557434650163
2023-08-16,79.379997253418,-0.0200792511299355,129.748278616309,0.0161627569520174
2023-08-17,80.3899993896484,0.0126433699929969,131.399148395963,0.0162381544777177
2023-08-18,81.25,0.0106410384623592,132.80483751996,0.015627445277784
2023-08-21,80.7200012207031,-0.00654443004180827,131.938543344326,0.0154808718372201
2023-08-22,80.3499984741211,-0.00459431797492016,131.333766056427,0.0149945482255672
2023-08-23,78.8899993896484,-0.0183376038228626,128.94736678021,0.0153365391298581
2023-08-24,79.0500030517578,0.00202613289063702,129.208896138352,0.0151218693952063
2023-08-25,79.8300018310547,0.00981879433373933,130.483820583278,0.0147077134165801
2023-08-28,80.0999984741211,0.00337643843000723,130.925135787135,0.0142698653970884
2023-08-29,81.1600036621094,0.013146725055071,132.65773660881,0.0139732353053597
2023-08-30,81.629997253418,0.00577424773683077,133.425951039938,0.0139118022264161
2023-08-31,83.629997253418,0.024205466734827,136.694993194276,0.0144572694843413
2023-09-01,85.5500030517578,0.022698761459047,139.833283139948,0.0146153477836528
2023-09-05,86.6900024414062,0.0132375290326232,141.696636170288,0.0143420586556948
2023-09-06,87.5400009155273,0.0097572771780996,143.0859765918,0.0143159574752815
2023-09-07,86.870002746582,-0.00768306233215732,141.990850462995,0.0142244978848936
2023-09-08,87.5100021362305,0.00734031707003169,143.036942954751,0.0140276844304332
2023-09-11,87.2900009155273,-0.00251717772341209,142.677346322508,0.0140492435928915
2023-09-12,88.8399963378906,0.0176010385692233,145.210846509876,0.0141349418239994
2023-09-13,88.5199966430664,-0.00360848054485796,144.687800263998,0.0141056390073421
2023-09-14,90.1600036621094,0.0183574330894496,147.368426303329,0.0134783459180992
2023-09-15,90.7699966430664,0.0067428872062667,148.365472687628,0.012872796950189
2023-09-18,91.4800033569336,0.00779160829471781,149.525993626375,0.0127038131161551
2023-09-19,91.1999969482422,-0.00306554223237043,149.068317249627,0.0124887157379374
2023-09-20,90.2799987792969,-0.0101389251899953,147.564560851529,0.0126294403982446
2023-09-21,89.629997253418,-0.00722588370232113,146.502119657288,0.0124365753609734
2023-09-22,90.0299987792969,0.00445287983582432,147.155930582237,0.0117975952519672
2023-09-25,89.6800003051758,-0.00389515239469063,146.583850699309,0.0118551209627236
2023-09-26,90.3899993896484,0.00788585289104926,147.74435916765,0.0117170134205567
2023-09-27,93.6800003051758,0.0357510874892073,153.121935007984,0.012435846601761
2023-09-28,91.7099990844727,-0.0212533079591015,149.901926490697,0.0125185819683475
2023-09-29,90.7900009155273,-0.0100822571203256,148.398170092599,0.0127144544689963
2023-10-02,88.8199996948242,-0.0219373110396104,145.178161575312,0.0134995908202166
2023-10-03,89.2300033569336,0.0046054971051257,145.848321202746,0.0133816010641499
2023-10-04,84.2200012207031,-0.0577849063051907,137.659367114417,0.0173920837475015
2023-10-05,82.3099975585938,-0.0229398599045609,134.537425871229,0.0175928560689255
2023-10-06,82.7900009155273,0.00581471488570351,135.322001475249,0.0176109855227015
2023-10-09,86.379997253418,0.0424488435269081,141.18992615649,0.0190857446662247
2023-10-10,85.9700012207031,-0.00475772335052316,140.519778999462,0.019132474806833
2023-10-11,83.4899978637695,-0.0292715737662821,136.466161241105,0.0198611587541778
2023-10-12,82.9100036621094,-0.00697111232142422,135.518148493856,0.0198905563534273
2023-10-13,87.6900024414062,0.0560521693347722,143.331157247457,0.0219423172985737
2023-10-16,86.6600036621094,-0.0118154370624719,141.647602533238,0.0217003371049026
2023-10-17,86.6600036621094,0,141.647602533238,0.0215650881187391
2023-10-18,88.3199996948242,0.0189741205033211,144.360901036727,0.0217737041075711
2023-10-19,89.370002746582,0.0118185070525643,146.077153155917,0.0218183482277335
2023-10-20,88.75,-0.00696165777048208,145.063745598726,0.0218300547892573
2023-10-23,85.4899978637695,-0.0374240433054576,139.735203395442,0.022898831024889
2023-10-24,83.7399978637695,-0.0206826499693467,136.874791510397,0.0229108302994703
2023-10-25,85.3899993896484,0.0195122556909828,139.571753781806,0.02324034328135
2023-10-26,83.2099990844727,-0.0258614688619767,136.008497334762,0.0233591246643086
2023-10-27,85.5400009155273,0.0276165915919497,139.816934437463,0.0239526318914499
2023-10-30,82.3099975585938,-0.0384915361782374,134.537425871229,0.0247779817239356
2023-10-31,81.0199966430664,-0.0157965809822898,132.428892185233,0.0248787297434625
2023-11-01,80.4400024414062,-0.00718440108605023,131.480879437984,0.024859206577868
2023-11-02,82.4599990844727,0.024801720920971,134.782606526886,0.0253911146739477
2023-11-03,80.5100021362305,-0.023931889330453,131.595295414569,0.0256399659830512
2023-11-06,80.8199996948242,0.00384302902871703,132.101992957962,0.0256770955758658
2023-11-07,77.370002746582,-0.0436253118136571,126.462900229892,0.0265975071329581
2023-11-08,75.3300018310547,-0.0267206579159627,123.128475736019,0.0257128637114472
2023-11-09,75.7399978637695,0.00542790812414751,123.798622893047,0.0256738140162802
2023-11-10,77.1699981689453,0.0187043624731036,126.135988532214,0.0260655337108686
2023-11-13,78.2600021362305,0.0140258873368824,127.91762299094,0.0261065528458508
2023-11-14,78.2600021362305,0,127.91762299094,0.0260663811343081
2023-11-15,76.6600036621094,-0.0206565363556415,125.302391761551,0.0242619176612086
2023-11-16,72.9000015258789,-0.0502914477774707,119.156589019683,0.0255134418082457
2023-11-17,75.8899993896484,0.040196255427503,124.043803548703,0.0267155714321996
2023-11-20,77.5999984741211,0.022282492152546,126.838833094213,0.0257722017523631
2023-11-21,77.7699966430664,0.00218830201617504,127.116698684434,0.0257923841419621
2023-11-22,77.0999984741211,-0.00865244876358329,126.021572555629,0.0253484869949726
2023-11-24,75.5400009155273,-0.0204409313742975,123.471723665776,0.0255461140736433
2023-11-27,74.8600006103516,-0.00904261877455514,122.360248834485,0.0229844027122797
2023-11-28,76.4100036621094,0.0204939149570462,124.893761492259,0.0234200991731796
2023-11-29,77.8600006103516,0.0187987244348298,127.263812065991,0.0237848836751402
2023-11-30,75.9599990844727,-0.0247054761300705,124.158219525289,0.0236940499236182
2023-12-01,74.0699996948242,-0.0251962859862314,121.068975687073,0.0237503650215645
2023-12-04,73.0400009155273,-0.0140033390837839,119.385420972854,0.0237923063678722
2023-12-05,72.3199996948242,-0.00990653695719157,118.208563802027,0.0230784806537036
2023-12-06,69.379997253418,-0.0415021099100379,113.403067844621,0.0238485682799303
2023-12-07,69.3399963378906,-0.000576714511016263,113.337685505086,0.0233770328955833
2023-12-08,71.2300033569336,0.0268922376752796,116.426941813708,0.0238832956547279
2023-12-11,71.3199996948242,0.00126266359762628,116.574042724859,0.0231073874024316
2023-12-12,68.6100006103516,-0.0387384831172177,112.14449210218,0.023119379683115
2023-12-13,69.4700012207031,0.0124567166776908,113.550181226178,0.023284302999018
2023-12-14,71.5800018310547,0.0299207086419671,116.999021696636,0.0241409638272077
2023-12-15,71.4300003051758,-0.00209777747915751,116.75384104098,0.0235303788204085
2023-12-18,72.4700012207031,0.0144547465261873,118.453744457684,0.0234970620799851
2023-12-19,73.4400024414062,0.0132960795903383,120.039231897802,0.0236618323159073
2023-12-20,74.2200012207031,0.0105648925237602,121.314156342729,0.022509066965383
2023-12-21,73.8899993896484,-0.00445617953926014,120.774761394366,0.0220063633070843
2023-12-22,73.5599975585938,-0.00447612599348002,120.235366446003,0.0219864227396667
2023-12-26,75.5699996948242,0.0269580084475063,123.520757302826,0.0222906822298561
2023-12-27,74.1100006103516,-0.0195088907952892,121.134358026608,0.0223675458996884
2023-12-28,71.7699966430664,-0.0320839695305333,117.309572221422,0.0230347806155924
2023-12-29,71.6500015258789,-0.00167333909801926,117.113437673222,0.0227892037773644
2024-01-02,70.379997253418,-0.0178840827020643,115.03758892179,0.021142138180554
2024-01-03,72.6999969482422,0.0324322496936587,118.829677322005,0.0206603099292335
2024-01-04,72.1900024414062,-0.0070397765918182,117.996080551341,0.0201879496909942
2024-01-05,73.8099975585938,0.0221926247348145,120.643996715295,0.0206696564036053
2024-01-08,70.7699966430664,-0.0420590560517811,115.675051144253,0.0219170170513052
2024-01-09,72.2399978637695,0.0205587448841555,118.077799122956,0.0220604725458932
2024-01-10,71.370002746582,-0.0121162280707523,116.655773766879,0.0221038577180195
2024-01-11,72.0199966430664,0.00906616014291828,117.718202490714,0.021806598607139
2024-01-12,72.6800003051758,0.00912243611726815,118.796992387441,0.0215589334322966
2024-01-16,72.4000015258789,-0.00385992725952011,118.339328481098,0.0211436550261778
2024-01-17,72.5599975585938,0.00220745169281145,118.600845368834,0.0206758655857915
2024-01-18,74.0800018310547,0.0207318428950272,121.085324389558,0.0208760254883861
2024-01-19,73.4100036621094,-0.00908539904679362,119.990198260752,0.020862483504618
2024-01-22,75.1900024414062,0.0239580598513696,122.899643782848,0.0197095276453326
2024-01-23,74.370002746582,-0.0109656042132364,121.559336998386,0.0198594294781181
2024-01-24,75.0899963378906,0.00963467369566473,122.736181698806,0.0193673997259326
2024-01-25,77.3600006103516,0.0297825136926066,126.446551527407,0.0200307876056967
2024-01-26,78.0100021362305,0.00836719194948543,127.508992721647,0.0184538801826796
2024-01-29,76.7799987792969,-0.0158928773103417,125.498526309751,0.0187443040080362
2024-01-30,77.8199996948242,0.013454289960908,127.198429726455,0.0181712923887443
2024-01-31,75.8499984741211,-0.0256407779573653,123.978421209168,0.0188838912326563
2024-02-01,73.8199996948242,-0.0271279922096825,120.66034541778,0.0194557242588411
2024-02-02,72.2799987792969,-0.0210822446323045,118.143181462492,0.0196940495308796
2024-02-05,72.7799987792969,0.00689372657601073,118.960442001076,0.0196340420661083
2024-02-06,73.3099975585938,0.00725581652148932,119.826736176711,0.0196722169039747
2024-02-07,73.8600006103516,0.00747442575505008,120.725727757316,0.0197049238159415
2024-02-08,76.2200012207031,0.031452493773191,124.583198497067,0.0199316668287932
2024-02-09,76.8399963378906,0.00810137878022399,125.596593583851,0.019621178690104
2024-02-12,76.9199981689453,0.00104060667445527,125.727358262922,0.0185880672800046
2024-02-13,77.870002746582,0.012274907944354,127.280160768476,0.0186593038321635
2024-02-14,76.6399993896484,-0.0159216791615426,125.26969435658,0.0185876850422548
2024-02-15,78.0299987792969,0.0179742267859195,127.541677656212,0.017971188105966
2024-02-16,79.1900024414062,0.0147567065674021,129.437728091523,0.0180186689601096
2024-02-20,78.1800003051758,-0.0128361947837377,127.786858311869,0.0178721315484442
2024-02-21,77.9100036621094,-0.00345950292118946,127.345543108012,0.0158748377106485
2024-02-22,78.6100006103516,0.00894456422284318,128.489702873867,0.0155758142536666
2024-02-23,76.4899978637695,-0.0273389401644231,125.024513700923,0.0163097429459153
2024-02-26,77.5800018310547,0.0141497002084279,126.806148159649,0.0164084724850261
2024-02-27,78.870002746582,0.016491276620096,128.914681845645,0.0165657538264726
2024-02-28,78.5400009155273,-0.00419290142737339,128.375286897282,0.0165704284312363
2024-02-29,78.2600021362305,-0.00357141672784422,127.91762299094,0.0166100546135445
2024-03-01,79.9700012207031,0.0216149355294633,130.712652536449,0.0166441887065753
2024-03-04,78.7399978637695,-0.0155003212229019,128.702186124553,0.0168388958007154
2024-03-05,78.1500015258789,-0.00752118199292173,127.737824674819,0.0164207041912218
2024-03-06,79.129997253418,0.0124619585188706,129.339648347016,0.0163749196476047
2024-03-07,78.9300003051758,-0.0025306473246367,129.012749119745,0.0163316501823097
2024-03-08,78.0100021362305,-0.0117243366024402,127.508992721647,0.0156094615639569
2024-03-11,77.9300003051758,-0.00102605921278709,127.378228042576,0.0155356596318363
2024-03-12,77.5599975585938,-0.00475919287468951,126.773450754678,0.0152745459630819
2024-03-13,79.7200012207031,0.0274687117601715,130.304022267157,0.0158914016896786
2024-03-14,81.2600021362305,0.0191334061914361,132.821186222446,0.0154176044360839
2024-03-15,81.0400009155273,-0.00271104561075752,132.461589590204,0.0144231293266869
2024-03-18,82.7200012207031,0.020518554279513,135.207585498663,0.0140108850459521
2024-03-19,83.4700012207031,0.00902587496993057,136.43347630654,0.0140288574547493
2024-03-20,81.6800003051758,-0.0216781228944516,133.507682081959,0.0148105240606584
2024-03-21,81.0699996948242,-0.00749620235738035,132.510623227254,0.0149273561722812
2024-03-22,80.629997253418,-0.00544222060235722,131.79142996277,0.0140025031254641
2024-03-25,81.9499969482422,0.0162385133176635,133.948997285816,0.0142046253462332
2024-03-26,81.620002746582,-0.00403490432206777,133.409614807859,0.0142484051032593
2024-03-27,81.3499984741211,-0.00331354872042056,132.968287133596,0.0141437640658126
2024-03-28,83.1699981689453,0.0221258689567039,135.943114995227,0.0142372025979485
2024-04-01,83.7099990844727,0.00647174987028354,136.825757873347,0.0139646630949539
2024-04-02,85.1500015258789,0.0170559912935184,139.179472215,0.0140412474190234
2024-04-03,85.4300003051758,0.00328290570716927,139.637136121342,0.0137426002862949
2024-04-04,86.5899963378906,0.0134869624314282,141.533174086246,0.0138178777696858
2024-04-05,86.9100036621094,0.00368884941898173,142.056232802531,0.0137800092401132
2024-04-08,86.4300003051758,-0.00553830129072175,141.271657198511,0.012633156135818
2024-04-09,85.2300033569336,-0.0139813173744816,139.310236894071,0.0129005666815092
2024-04-10,86.2099990844727,0.0114326456811336,140.912060566269,0.0127521732151507
2024-04-11,85.0199966430664,-0.0138996861555025,138.966976493908,0.0130595240406452
2024-04-12,85.6600036621094,0.00749953149231253,140.01308145607,0.0130342702330714
2024-04-15,85.4100036621094,-0.00292278210403207,139.604451186777,0.0125889098281596
2024-04-16,85.3600006103516,-0.000585618691056666,139.522720144757,0.0121530037438865
2024-04-17,82.6900024414062,-0.0317789088849398,135.158551861613,0.0135791866433013
2024-04-18,82.7300033569336,0.000483628520189683,135.223934201149,0.013432691873938
2024-04-19,83.1399993896484,0.00494359270417011,135.894081358177,0.0134249936292132
2024-04-22,82.8499984741211,-0.00349420102803677,135.420068749349,0.0132231028477121
2024-04-23,83.3600006103516,0.00613685987172907,136.253677990419,0.0132311236842118
2024-04-24,82.8099975585938,-0.00661978776334671,135.354686409814,0.0132693939742185
2024-04-25,83.5699996948242,0.00913580279801973,136.596925920176,0.0124623672034176
2024-04-26,83.8499984741211,0.00334486970989012,137.054589826518,0.0120207326854387
2024-04-29,82.629997253418,-0.0146566925979297,135.060472117107,0.0123430022339604
2024-04-30,81.9300003051758,-0.00850754959500755,133.916312351251,0.0118598471025447
2024-05-01,79,-0.0364173754115376,129.127165096331,0.0134239538570036
2024-05-02,78.9499969482422,-0.000633150419681705,129.04543405431,0.0128905079491324
2024-05-03,78.1100006103516,-0.010696604611133,127.672442335283,0.0129580496553886
2024-05-06,78.4800033569336,0.00472576059528329,128.277219623182,0.0129773043043358
2024-05-07,78.379997253418,-0.0012751003018785,128.11375753914,0.012567142185852
2024-05-08,78.9899978637695,0.00775247740240026,129.110816393845,0.0126685177615922
2024-05-09,79.2600021362305,0.00341237958246587,129.552144068108,0.0126873437676846
2024-05-10,78.2600021362305,-0.0126969706356297,127.91762299094,0.0120900462207855
2024-05-13,79.120002746582,0.0109290779497382,129.323312114937,0.0122247461808412
2024-05-14,78.0199966430664,-0.0140005609766547,127.525328953727,0.011875923432459
2024-05-15,78.629997253418,0.00778811002103375,128.522387808432,0.0119849832902266
2024-05-16,79.2300033569336,0.00760178627366059,129.503110431058,0.0117557714439505
2024-05-17,80.0599975585938,0.0104212657230951,130.8597534476,0.0119497511920282
2024-05-20,79.8000030517578,-0.00325278037137977,130.434786946228,0.0119385534053792
2024-05-21,79.2600021362305,-0.00678992798386346,129.552144068108,0.0117744731055695
2024-05-22,77.5699996948242,-0.021552864145896,126.789799457163,0.0119746385431272
2024-05-23,76.870002746582,-0.00906503147732174,125.645639691307,0.0118621379497055
2024-05-24,77.7200012207031,0.0109969211244012,127.03498011282,0.0119890415542549
2024-05-28,79.8300018310547,0.0267867563789705,130.483820583278,0.0131838528656763
2024-05-29,79.2300033569336,-0.0075443392480059,129.503110431058,0.0132147011096422
2024-05-30,77.9100036621094,-0.0168006959995042,127.345543108012,0.0123225639115026
2024-05-31,76.9899978637695,-0.0118788458040209,125.841774239508,0.0124432868201464
2024-06-03,74.2200012207031,-0.036641843463558,121.314156342729,0.0138357546475147
2024-06-04,73.25,-0.0131554241823659,119.72866890261,0.0139408371387525
2024-06-05,74.0699996948242,0.0111323400079213,121.068975687073,0.0140963573570321
2024-06-06,75.5500030517578,0.0197841412075315,123.488072368261,0.0147330875499884
2024-06-07,75.5299987792969,-0.000264816949104407,123.45537496329,0.0145637844412212
2024-06-10,77.7399978637695,0.0288399857813841,127.067665047384,0.0156710040422677
2024-06-11,77.9000015258789,0.00205607451945511,127.329194405526,0.0155210953614927
2024-06-12,78.5,0.00767265232399872,128.309904557746,0.0155669598664209
2024-06-13,78.620002746582,0.00152753014025286,128.506051576353,0.0140980264949967
2024-06-14,78.4499969482422,-0.00216471465024792,128.228173515725,0.0141025685909608
2024-06-17,80.3300018310547,0.0236817327015109,131.301081121863,0.0146088815700303
2024-06-18,81.5699996948242,0.0153183705913351,133.327883765838,0.0148300163611457
2024-06-20,82.1699981689453,0.00732870608814462,134.308593918058,0.0148619139516826
2024-06-21,80.7300033569336,-0.0176799546702036,131.954892046811,0.0152184116407991
2024-06-24,81.629997253418,0.0110865128273856,133.425951039938,0.0153292119278157
2024-06-25,80.8300018310547,-0.00984860141763111,132.118341660447,0.0152501826493795
2024-06-26,80.9000015258789,0.000865636526833136,132.232757637033,0.0151362553736024
2024-06-27,81.7399978637695,0.0103296090759315,133.605749356059,0.0149700241645949
2024-06-28,81.5400009155273,-0.00244974338261361,133.278850128788,0.014939637925494
2024-07-01,83.379997253418,0.0223147308930525,136.286362924984,0.0153913209290583
2024-07-02,82.8099975585938,-0.00685964194852673,135.354686409814,0.0153771036762012
2024-07-03,83.879997253418,0.0128383757259503,137.103623463568,0.0154992630121234
2024-07-05,83.1600036621094,-0.0086206662628161,135.926778763148,0.0155372459343402
2024-07-08,82.3300018310547,-0.0100309234759548,134.5701232762,0.0150808706783938
2024-07-09,81.4100036621094,-0.0112374229813472,133.066366878102,0.0151408556862341
2024-07-10,82.0999984741211,0.00843983730334941,134.194177941473,0.0150950809002632
2024-07-11,82.620002746582,0.0063138173393984,135.044135885028,0.0143733160719007
2024-07-12,82.2099990844727,-0.00497487718457101,134.373976257594,0.0143273334464507
2024-07-15,81.9100036621094,-0.00365580979114455,133.883627416687,0.0139529855787433
2024-07-16,80.7600021362305,-0.0141393083402237,132.003925683861,0.0140345338443981
2024-07-17,82.8499984741211,0.025549905558977,135.420068749349,0.0127240085510891
2024-07-18,82.8199996948242,-0.000362151022590851,135.371035112299,0.0123496560216223
2024-07-19,80.129997253418,-0.0330192929192101,130.974169424185,0.0140020947996865
2024-07-22,79.7799987792969,-0.00437745033700843,130.402089541257,0.0136718464723573
2024-07-23,76.9599990844727,-0.0359870367150883,125.792740602458,0.0153160514845612
2024-07-24,77.5899963378906,0.00815271124633643,126.822484391728,0.0144427350088536
2024-07-25,78.2799987792969,0.00885362122617117,127.950307925504,0.0145302056790053
2024-07-26,77.1600036621094,-0.0144108914350447,126.119652300135,0.0146950515546238
2024-07-29,75.8099975585938,-0.0176510576348337,123.913038869633,0.0150141816460066
2024-07-30,74.7300033569336,-0.0143485150009086,122.147765583799,0.0152043855252197
2024-07-31,77.9100036621094,0.0416726984840947,127.345543108012,0.0165334493600932
2024-08-01,76.3099975585938,-0.0207504020388471,124.730299408217,0.0166156361620146
2024-08-02,73.5199966430664,-0.0372465269209856,120.169984106467,0.0176904207000363
2024-08-05,72.9400024414062,-0.00792021353532402,119.221971359218,0.0175134687273051
2024-08-06,73.1999969482422,0.0035581604246202,119.64693786059,0.0173521917690518
2024-08-07,75.2300033569336,0.0273547529178169,122.965026122383,0.018201323722825
2024-08-08,76.1900024414062,0.0126801203341724,124.534164860016,0.0184009850209289
2024-08-09,76.8399963378906,0.00849503771288607,125.596593583851,0.0183616050099228
2024-08-12,80.0599975585938,0.0410510328282605,130.8597534476,0.0199764449982716
2024-08-13,78.3499984741211,-0.0215903737428524,128.06472390209,0.0198468436844173
2024-08-14,76.9800033569336,-0.0176402578634027,125.825438007429,0.0200332044126132
2024-08-15,78.1600036621094,0.0152123631250705,127.754173377304,0.0201001863338849
2024-08-16,76.6500015258789,-0.0195084293636176,125.286043059065,0.0203143846646492
2024-08-19,74.370002746582,-0.0301969535783941,121.559336998386,0.020890223748226
2024-08-20,74.0400009155273,-0.00444717157592134,121.019942050022,0.0208389827924809
2024-08-21,71.9300003051758,-0.0289120719486604,117.571101579564,0.0212339267037314
2024-08-22,73.0100021362305,0.0149030192054749,119.336387335804,0.0214403834408499
2024-08-23,74.8300018310547,0.024622451234376,122.311215197435,0.0220714498815732
2024-08-26,77.4199981689453,0.0340262229367818,126.544618801507,0.0230895500722021
2024-08-27,75.5299987792969,-0.0247152093350502,123.45537496329,0.0233623164681063
2024-08-28,74.5199966430664,-0.0134624114775566,121.804505183636,0.022842575172311
2024-08-29,75.9100036621094,0.0184809755854864,124.076500953674,0.023189182217823
2024-08-30,73.5500030517578,-0.0315829877317215,120.219030213924,0.0231262589928425
2024-09-03,70.3399963378906,-0.0446249135568699,114.972206582254,0.0243524487098806
2024-09-04,69.1999969482422,-0.0163397564597867,113.108853551915,0.0237241424038495
2024-09-05,69.1500015258789,-0.000722738346093266,113.0271349803,0.0236284125076045
2024-09-06,67.6699981689453,-0.0216351569914384,110.608038299111,0.0237191825194562
2024-09-09,68.7099990844727,0.0152518125329264,112.307941715816,0.0239244695373336
2024-09-10,65.75,-0.0440350646605978,107.469760823845,0.0249131855995273
2024-09-11,67.3099975585938,0.0234491066936702,110.019609713698,0.0253625079688985
2024-09-12,68.9700012207031,0.0243628673906997,112.732920687593,0.0244813225113848
2024-09-13,68.6500015258789,-0.00465049070133183,112.209874441715,0.0242785183236329
2024-09-16,70.0899963378906,0.0207589238226484,114.563576312962,0.0238055970910315
2024-09-17,71.1900024414062,0.01557231514645,116.361559474173,0.0239760549443986
2024-09-18,70.9100036621094,-0.00394087444963631,115.903895567831,0.0239680388681479
2024-09-19,71.9499969482422,0.0145598719580224,117.603786514129,0.0235552752317299
2024-09-20,71.9199981689453,-0.000417026214635463,117.554752877079,0.0234045572803018
2024-09-23,70.370002746582,-0.0217872896947231,115.021252689711,0.0235920365119125
2024-09-24,71.5599975585938,0.0167691495145679,116.966324291665,0.022418372052685
2024-09-25,69.6900024414062,-0.0264793540408039,113.90977785842,0.0225698542703095
2024-09-26,67.6699981689453,-0.0294139472972565,110.608038299111,0.0229166376677581
2024-09-27,68.1800003051758,0.00750834800024247,111.441647540181,0.0227329113454606
